Crash ID,Record Type,Serial #,Crash Month,Crash Day,Crash Year,Week Day Code,Crash Hour,County Code,City Section ID,Urban Area Code,Functional Class Code,NHS Flag,Highway Number,Roadway Number,Highway Component,Mileage Type,Linear Reference System (LRS),Latitude Degrees,Latitude Minutes,Latitude Seconds,Longitude Degrees,Longitude Minutes,Longitude Seconds,Latitude (Decimal Degrees),Intersection Sequence Number,Distance from Intersection,Milepoint,Posted Speed Limit,Off Roadway Flag,Intersection Type,Intersection Related Flag,Roundabout Flag,Number of Turning Legs,Median Type,Impact Location,Crash Type,Collision Type,Crash Severity,Weather Condition,Road Surface Condition,Light Condition,Traffic Control Device (TCD),Crash Level Event 2 Code,School Zone Indicator,Work Zone Indicator,Secondary Crash Indicator,Alcohol-Involved Flag,Crash Marijuana Involved Flag,Population Range Code,Road Control,Route Type,Region ID,District ID,Segment Marker ID,Segment Point LRS Measure,Unlocatable Flag,Total Vehicle Count,Total Fatality Count,Total Suspected Serious Injury (A) Count,Total Suspected Minor Injury (B) Count,Total Possible Injury (C) Count,Total Non-Fatal Injury Count,Total Un-Injured  Children Age 00-04,Total Un-Injured Persons,Total Pedestrian Count,Total Pedestrian Fatality Count,Total Pedestrian Non-Fatal Injury Count,Total Pedalcyclist Count,Total Pedalcyclist Fatality Count,Total Pedalcyclist Non-Fatal Injury Count,Total Unknown Non-Motorist Count,Total Unknown Non-Motorist Fatality Count,Total Unknown Non-Motorist Injury Count,Total Vehicle Occupant Count,date
1809119,1,99992.0,3.0,14.0,2019.0,5.0,14.0,26.0,0.0,57.0,14.0,1.0,26.0,1.0,0.0,0.0,002600100S00,45.0,27.0,40.62,-122.0,22.0,59.23,0.0,9.0,16.77,1.0,0.0,0.0,0.0,0.0,0.0,2.0,B,6,2.0,1.0,1.0,1.0,2.0,1.0,2.0,1.0,0.0,0.0,1.0,0.0,8.0,1.0,02C,293_10835,0.0,2.0,1.0,0.0,0.0,0.0,0.0,0.0,2.0,0.0,0.0,0.0,0.0,0.0,0.0,0.0,0.0,0.0,3.0,3.0,2.0,0.0,1.0,2019-03-14
1809229,1,2405.0,3.0,3.0,2019.0,1.0,2.0,3.0,185.0,68.0,14.0,1.0,26.0,1.0,0.0,0.0,002600100S00,45.0,24.0,20.47,-122.0,17.0,37.3,0.0,4.0,22.59,3.0,0.0,0.0,0.0,0.0,4.0,0.0,3,0,2.0,1.0,1.0,3.0,0.0,1.0,3.0,18.0,0.0,1.0,0.0,0.0,4.0,1.0,02C,293_8495,0.0,1.0,1.0,0.0,0.0,0.0,0.0,0.0,1.0,1.0,1.0,0.0,0.0,0.0,0.0,0.0,0.0,0.0,1.0,2.0,1.0,0.0,0.0,2019-03-03
1809637,1,1811.0,5.0,17.0,2019.0,6.0,99.0,3.0,0.0,0.0,2.0,1.0,26.0,1.0,6.0,0.0,0026BG100S00,45.0,17.0,0.84,-121.0,42.0,58.38,0.0,0.0,57.56,7.0,1.0,0.0,0.0,0.0,1.0,5.0,8,9,2.0,2.0,1.0,1.0,99.0,1.0,1.0,1.0,0.0,0.0,1.0,0.0,5.0,1.0,02C,293_6389,0.0,1.0,1.0,0.0,0.0,0.0,0.0,0.0,0.0,0.0,0.0,0.0,0.0,0.0,0.0,0.0,0.0,0.0,1.0,1.0,1.0,0.0,0.0,2019-05-17
1810874,1,99981.0,4.0,7.0,2019.0,1.0,0.0,26.0,245.0,57.0,14.0,1.0,26.0,1.0,0.0,0.0,002600100S00,45.0,29.0,50.6,-122.0,33.0,59.51,0.0,7.0,5.69,1.0,0.0,0.0,0.0,0.0,0.0,6.0,3,0,2.0,3.0,2.0,2.0,1.0,1.0,3.0,4.0,1.0,1.0,0.0,0.0,2.0,1.0,02B,293_12196,0.0,1.0,1.0,0.0,0.0,0.0,0.0,0.0,1.0,1.0,1.0,0.0,0.0,0.0,0.0,0.0,0.0,0.0,1.0,2.0,1.0,0.0,0.0,2019-04-07
1812266,1,5970.0,7.0,8.0,2019.0,2.0,14.0,26.0,245.0,57.0,14.0,1.0,26.0,1.0,0.0,0.0,002600100S00,45.0,29.0,52.99,-122.0,30.0,38.24,0.0,9.0,8.55,1.0,0.0,0.0,0.0,0.0,0.0,2.0,B,1,2.0,1.0,1.0,1.0,1.0,1.0,3.0,4.0,0.0,1.0,1.0,1.0,2.0,1.0,02B,293_18831,0.0,4.0,2.0,0.0,1.0,1.0,2.0,0.0,1.0,0.0,0.0,0.0,0.0,0.0,0.0,0.0,0.0,0.0,5.0,5.0,2.0,0.0,3.0,2019-07-08
1815964,1,99980.0,10.0,28.0,2019.0,2.0,6.0,26.0,83.0,57.0,14.0,1.0,26.0,1.0,0.0,0.0,002600100S00,45.0,28.0,36.69,-122.0,23.0,48.47,0.0,9.0,15.44,1.0,0.0,0.0,0.0,0.0,0.0,4.0,H,6,2.0,1.0,1.0,3.0,2.0,1.0,3.0,2.0,0.0,1.0,0.0,0.0,4.0,1.0,02C,293_763,0.0,2.0,1.0,0.0,1.0,0.0,1.0,0.0,0.0,0.0,0.0,0.0,0.0,0.0,0.0,0.0,0.0,0.0,2.0,2.0,1.0,0.0,1.0,2019-10-28
1816804,1,4207.0,11.0,23.0,2019.0,7.0,19.0,3.0,0.0,0.0,2.0,1.0,26.0,1.0,0.0,0.0,002600100S00,45.0,22.0,0.53,-122.0,8.0,39.35,0.0,0.0,30.93,7.0,1.0,0.0,0.0,0.0,4.0,1.0,8,9,2.0,1.0,1.0,3.0,99.0,1.0,1.0,30.0,1.0,1.0,1.0,0.0,5.0,1.0,02C,293_14987,0.0,1.0,1.0,0.0,0.0,0.0,0.0,0.0,0.0,0.0,0.0,0.0,0.0,0.0,0.0,0.0,0.0,0.0,1.0,1.0,0.0,1.0,0.0,2019-11-23
1826266,1,110.0,1.0,11.0,2019.0,6.0,12.0,3.0,0.0,0.0,2.0,1.0,26.0,1.0,0.0,0.0,002600100S00,45.0,17.0,2.03,-121.0,43.0,22.64,0.0,0.0,56.1,3.0,0.0,0.0,0.0,0.0,3.0,3.0,G,2,4.0,2.0,1.0,1.0,0.0,1.0,1.0,27.0,0.0,0.0,1.0,0.0,5.0,1.0,02C,293_10845,0.0,2.0,0.0,2.0,1.0,0.0,3.0,0.0,0.0,0.0,0.0,0.0,0.0,0.0,0.0,0.0,0.0,0.0,3.0,3.0,3.0,0.0,0.0,2019-01-11
1826321,1,207.0,1.0,18.0,2019.0,6.0,21.0,3.0,0.0,57.0,14.0,1.0,26.0,1.0,0.0,0.0,002600100S00,45.0,26.0,40.55,-122.0,21.0,38.88,0.0,9.0,18.35,1.0,0.0,0.0,0.0,0.0,0.0,1.0,H,6,4.0,3.0,2.0,3.0,0.0,1.0,1.0,2.0,0.0,0.0,0.0,0.0,8.0,1.0,02C,293_6833,0.0,2.0,0.0,1.0,2.0,0.0,3.0,0.0,0.0,0.0,0.0,0.0,0.0,0.0,0.0,0.0,0.0,0.0,3.0,3.0,3.0,0.0,0.0,2019-01-18
1826490,1,97.0,4.0,15.0,2019.0,2.0,21.0,14.0,0.0,0.0,2.0,1.0,26.0,1.0,0.0,0.0,002600100S00,45.0,38.0,29.24,-121.0,30.0,51.65,0.0,0.0,96.72,5.0,1.0,0.0,0.0,0.0,2.0,6.0,&,8,4.0,1.0,2.0,3.0,99.0,1.0,1.0,33.0,0.0,0.0,1.0,0.0,5.0,1.0,02C,293_10891,0.0,1.0,0.0,1.0,0.0,0.0,1.0,0.0,0.0,0.0,0.0,0.0,0.0,0.0,0.0,0.0,0.0,0.0,1.0,1.0,1.0,0.0,0.0,2019-04-15
1826513,1,193.0,8.0,24.0,2019.0,7.0,14.0,14.0,0.0,0.0,2.0,1.0,26.0,1.0,0.0,0.0,002600100S00,45.0,41.0,43.68,-121.0,30.0,17.86,0.0,0.0,100.81,7.0,0.0,0.0,0.0,0.0,3.0,3.0,G,4,4.0,1.0,1.0,1.0,99.0,1.0,1.0,33.0,1.0,0.0,0.0,0.0,5.0,1.0,02C,293_16466,0.0,3.0,0.0,2.0,1.0,1.0,4.0,0.0,0.0,0.0,0.0,0.0,0.0,0.0,0.0,0.0,0.0,0.0,4.0,4.0,4.0,0.0,0.0,2019-08-24
1826673,1,5.0,1.0,1.0,2019.0,3.0,20.0,26.0,245.0,57.0,14.0,1.0,26.0,1.0,0.0,0.0,002600100S00,45.0,29.0,50.7,-122.0,35.0,1.07,0.0,9.0,4.8,1.0,0.0,0.0,0.0,0.0,0.0,3.0,3,0,4.0,1.0,1.0,2.0,99.0,1.0,3.0,2.0,0.0,0.0,0.0,0.0,2.0,1.0,02B,293_21511,0.0,1.0,0.0,1.0,1.0,1.0,3.0,0.0,1.0,3.0,0.0,3.0,0.0,0.0,0.0,0.0,0.0,0.0,1.0,4.0,1.0,0.0,0.0,2019-01-01
1826794,1,2283.0,7.0,5.0,2019.0,6.0,14.0,3.0,0.0,0.0,2.0,1.0,26.0,1.0,0.0,0.0,002600100S00,45.0,18.0,34.78,-121.0,50.0,17.9,0.0,0.0,48.63,2.0,0.0,0.0,0.0,0.0,3.0,3.0,E,3,4.0,1.0,1.0,1.0,0.0,1.0,1.0,27.0,0.0,0.0,0.0,0.0,5.0,1.0,02C,293_18879,0.0,4.0,0.0,1.0,7.0,0.0,8.0,0.0,1.0,0.0,0.0,0.0,0.0,0.0,0.0,0.0,0.0,0.0,9.0,9.0,9.0,0.0,0.0,2019-07-05
1826971,1,3644.0,10.0,17.0,2019.0,5.0,12.0,3.0,0.0,57.0,14.0,1.0,26.0,1.0,0.0,0.0,002600100S00,45.0,26.0,40.55,-122.0,21.0,38.87,0.0,9.0,18.35,1.0,0.0,0.0,0.0,0.0,0.0,3.0,B,1,4.0,2.0,1.0,1.0,4.0,1.0,1.0,2.0,0.0,0.0,0.0,0.0,8.0,1.0,02C,293_6833,0.0,2.0,0.0,1.0,2.0,0.0,3.0,1.0,1.0,0.0,0.0,0.0,0.0,0.0,0.0,0.0,0.0,0.0,4.0,4.0,4.0,0.0,0.0,2019-10-17
1827119,1,3158.0,9.0,12.0,2019.0,5.0,6.0,3.0,0.0,0.0,2.0,1.0,26.0,1.0,0.0,0.0,002600100S00,45.0,25.0,5.92,-122.0,19.0,7.52,0.0,9.0,21.1,1.0,0.0,0.0,0.0,0.0,0.0,1.0,H,6,4.0,1.0,1.0,1.0,0.0,1.0,1.0,2.0,0.0,0.0,0.0,0.0,5.0,1.0,02C,293_8494,0.0,2.0,0.0,1.0,1.0,0.0,2.0,0.0,0.0,0.0,0.0,0.0,0.0,0.0,0.0,0.0,0.0,0.0,2.0,2.0,2.0,0.0,0.0,2019-09-12
1827863,1,216.0,1.0,9.0,2019.0,4.0,19.0,26.0,245.0,57.0,14.0,1.0,26.0,1.0,0.0,0.0,002600100S00,45.0,29.0,38.0,-122.0,29.0,32.28,0.0,9.0,9.48,1.0,0.0,0.0,0.0,0.0,0.0,4.0,3,0,4.0,3.0,2.0,2.0,99.0,1.0,3.0,19.0,0.0,0.0,0.0,0.0,2.0,1.0,02B,293_14879,0.0,1.0,0.0,1.0,0.0,0.0,1.0,0.0,1.0,1.0,0.0,1.0,0.0,0.0,0.0,0.0,0.0,0.0,1.0,2.0,1.0,0.0,0.0,2019-01-09
1827872,1,1461.0,2.0,18.0,2019.0,2.0,4.0,26.0,245.0,57.0,14.0,1.0,26.0,1.0,0.0,0.0,002600100S00,45.0,29.0,55.85,-122.0,30.0,48.89,0.0,3.0,8.41,3.0,1.0,0.0,0.0,0.0,2.0,6.0,2,3,4.0,2.0,2.0,2.0,99.0,1.0,3.0,33.0,1.0,0.0,0.0,0.0,2.0,1.0,02B,293_19394,0.0,2.0,0.0,1.0,0.0,0.0,1.0,0.0,0.0,0.0,0.0,0.0,0.0,0.0,0.0,0.0,0.0,0.0,1.0,1.0,0.0,0.0,1.0,2019-02-18
1827907,1,80575.0,1.0,4.0,2019.0,6.0,16.0,3.0,0.0,57.0,14.0,1.0,26.0,1.0,0.0,0.0,002600100S00,45.0,27.0,40.48,-122.0,22.0,59.08,0.0,9.0,16.78,1.0,0.0,0.0,0.0,0.0,0.0,3.0,B,1,4.0,1.0,1.0,1.0,1.0,1.0,2.0,2.0,0.0,0.0,0.0,0.0,8.0,1.0,02C,293_10836,0.0,2.0,0.0,1.0,0.0,1.0,2.0,0.0,0.0,0.0,0.0,0.0,0.0,0.0,0.0,0.0,0.0,0.0,2.0,2.0,2.0,0.0,0.0,2019-01-04
1828231,1,6490.0,7.0,19.0,2019.0,6.0,2.0,26.0,245.0,57.0,14.0,1.0,26.0,1.0,0.0,0.0,002600100S00,45.0,29.0,44.71,-122.0,33.0,29.79,0.0,9.0,6.2,1.0,0.0,0.0,0.0,0.0,0.0,3.0,G,4,4.0,1.0,1.0,3.0,4.0,1.0,3.0,33.0,1.0,0.0,0.0,0.0,2.0,1.0,02B,293_2424,0.0,2.0,0.0,1.0,0.0,1.0,2.0,0.0,0.0,0.0,0.0,0.0,0.0,0.0,0.0,0.0,0.0,0.0,2.0,2.0,1.0,0.0,1.0,2019-07-19
1828287,1,2168.0,6.0,29.0,2019.0,7.0,1.0,3.0,0.0,0.0,2.0,1.0,26.0,1.0,0.0,0.0,002600100S00,45.0,22.0,4.92,-122.0,9.0,53.71,0.0,0.0,30.0,3.0,0.0,0.0,0.0,0.0,4.0,3.0,E,5,4.0,1.0,1.0,3.0,0.0,1.0,5.0,13.0,0.0,0.0,0.0,0.0,5.0,1.0,02C,293_13406,0.0,2.0,0.0,1.0,0.0,0.0,1.0,0.0,1.0,0.0,0.0,0.0,0.0,0.0,0.0,0.0,0.0,0.0,2.0,2.0,1.0,0.0,1.0,2019-06-29
1828314,1,5551.0,6.0,22.0,2019.0,7.0,2.0,26.0,245.0,57.0,14.0,1.0,26.0,1.0,0.0,0.0,002600100S00,45.0,29.0,49.79,-122.0,37.0,28.84,0.0,3.0,2.81,3.0,1.0,0.0,0.0,0.0,4.0,1.0,8,9,4.0,1.0,1.0,3.0,99.0,1.0,3.0,33.0,1.0,0.0,0.0,0.0,2.0,1.0,02B,293_18667,0.0,1.0,0.0,1.0,0.0,0.0,1.0,0.0,0.0,0.0,0.0,0.0,0.0,0.0,0.0,0.0,0.0,0.0,1.0,1.0,0.0,0.0,1.0,2019-06-22
1828373,1,3862.0,5.0,5.0,2019.0,1.0,19.0,26.0,245.0,57.0,14.0,1.0,26.0,1.0,0.0,0.0,002600100S00,45.0,29.0,49.03,-122.0,32.0,31.62,0.0,9.0,6.99,1.0,0.0,0.0,0.0,0.0,0.0,3.0,H,6,4.0,1.0,1.0,5.0,99.0,1.0,3.0,2.0,0.0,0.0,1.0,0.0,2.0,1.0,02B,293_16213,0.0,2.0,0.0,1.0,0.0,0.0,1.0,0.0,1.0,0.0,0.0,0.0,0.0,0.0,0.0,0.0,0.0,0.0,2.0,2.0,2.0,0.0,0.0,2019-05-05
1828552,1,126.0,1.0,5.0,2019.0,7.0,8.0,26.0,245.0,57.0,14.0,1.0,26.0,1.0,0.0,0.0,002600100S00,45.0,30.0,4.16,-122.0,39.0,15.16,0.0,0.0,1.32,1.0,0.0,0.0,0.0,0.0,0.0,9.0,E,3,4.0,1.0,1.0,1.0,7.0,1.0,0.0,29.0,0.0,0.0,0.0,0.0,2.0,1.0,02B,293_12192,0.0,2.0,0.0,0.0,0.0,1.0,1.0,0.0,1.0,0.0,0.0,0.0,0.0,0.0,0.0,0.0,0.0,0.0,2.0,2.0,2.0,0.0,0.0,2019-01-05
1828709,1,159.0,1.0,7.0,2019.0,2.0,19.0,26.0,245.0,57.0,14.0,1.0,26.0,1.0,0.0,0.0,002600100S00,45.0,29.0,39.97,-122.0,29.0,41.94,0.0,4.0,9.35,1.0,0.0,0.0,0.0,0.0,0.0,6.0,E,3,4.0,1.0,2.0,2.0,99.0,1.0,5.0,29.0,0.0,0.0,0.0,0.0,2.0,1.0,02B,293_17374,0.0,3.0,0.0,0.0,1.0,0.0,1.0,0.0,2.0,0.0,0.0,0.0,0.0,0.0,0.0,0.0,0.0,0.0,3.0,3.0,1.0,0.0,2.0,2019-01-07
1828977,1,179.0,1.0,8.0,2019.0,3.0,7.0,26.0,245.0,57.0,14.0,1.0,26.0,1.0,0.0,0.0,002600100S00,45.0,29.0,56.55,-122.0,38.0,36.83,0.0,4.0,1.86,1.0,0.0,0.0,0.0,0.0,0.0,6.0,E,3,4.0,3.0,2.0,4.0,99.0,1.0,0.0,29.0,0.0,0.0,0.0,0.0,2.0,1.0,02B,293_13690,0.0,2.0,0.0,0.0,0.0,1.0,1.0,0.0,1.0,0.0,0.0,0.0,0.0,0.0,0.0,0.0,0.0,0.0,2.0,2.0,2.0,0.0,0.0,2019-01-08
1828982,1,186.0,1.0,8.0,2019.0,3.0,18.0,26.0,245.0,57.0,14.0,1.0,26.0,1.0,0.0,0.0,002600100S00,45.0,29.0,50.77,-122.0,35.0,28.2,0.0,3.0,4.44,1.0,0.0,0.0,0.0,0.0,0.0,6.0,I,2,4.0,1.0,1.0,2.0,22.0,1.0,0.0,10.0,0.0,0.0,0.0,0.0,2.0,1.0,02B,293_19987,0.0,2.0,0.0,0.0,0.0,2.0,2.0,0.0,0.0,0.0,0.0,0.0,0.0,0.0,0.0,0.0,0.0,0.0,2.0,2.0,0.0,0.0,2.0,2019-01-08
1829693,1,45.0,2.0,18.0,2019.0,2.0,14.0,14.0,0.0,0.0,2.0,1.0,26.0,1.0,0.0,0.0,002600100S00,45.0,17.0,56.65,-121.0,40.0,33.63,0.0,0.0,61.4,7.0,1.0,0.0,0.0,0.0,2.0,5.0,9,9,4.0,1.0,4.0,1.0,99.0,1.0,1.0,10.0,0.0,0.0,0.0,0.0,5.0,1.0,02C,293_747,0.0,1.0,0.0,0.0,2.0,0.0,2.0,0.0,0.0,0.0,0.0,0.0,0.0,0.0,0.0,0.0,0.0,0.0,2.0,2.0,2.0,0.0,0.0,2019-02-18
1829718,1,117.0,5.0,31.0,2019.0,6.0,15.0,14.0,0.0,0.0,2.0,1.0,26.0,1.0,0.0,0.0,002600100S00,45.0,41.0,24.18,-121.0,30.0,23.96,0.0,0.0,100.41,3.0,0.0,0.0,0.0,0.0,2.0,3.0,D,6,4.0,1.0,1.0,1.0,99.0,1.0,1.0,27.0,0.0,0.0,0.0,0.0,5.0,1.0,02C,293_16466,0.0,2.0,0.0,0.0,0.0,1.0,1.0,0.0,2.0,0.0,0.0,0.0,0.0,0.0,0.0,0.0,0.0,0.0,3.0,3.0,3.0,0.0,0.0,2019-05-31
1829755,1,85.0,3.0,23.0,2019.0,7.0,20.0,14.0,0.0,0.0,2.0,1.0,26.0,1.0,0.0,0.0,002600100S00,45.0,41.0,1.65,-121.0,30.0,23.88,0.0,0.0,99.96,7.0,1.0,0.0,0.0,0.0,3.0,6.0,8,9,4.0,1.0,1.0,3.0,99.0,1.0,1.0,27.0,0.0,0.0,0.0,0.0,5.0,1.0,02C,293_16466,0.0,1.0,0.0,0.0,1.0,0.0,1.0,0.0,0.0,0.0,0.0,0.0,0.0,0.0,0.0,0.0,0.0,0.0,1.0,1.0,1.0,0.0,0.0,2019-03-23
1829763,1,53.0,2.0,24.0,2019.0,1.0,14.0,14.0,0.0,0.0,2.0,1.0,26.0,1.0,0.0,0.0,002600100S00,45.0,18.0,4.36,-121.0,40.0,27.89,0.0,0.0,61.59,0.0,0.0,0.0,0.0,0.0,2.0,3.0,E,3,4.0,1.0,4.0,1.0,99.0,1.0,0.0,29.0,0.0,0.0,0.0,0.0,5.0,1.0,02C,293_328,0.0,2.0,0.0,0.0,0.0,1.0,1.0,0.0,3.0,0.0,0.0,0.0,0.0,0.0,0.0,0.0,0.0,0.0,4.0,4.0,3.0,0.0,1.0,2019-02-24
1829797,1,3.0,1.0,5.0,2019.0,7.0,11.0,14.0,0.0,0.0,2.0,1.0,26.0,1.0,0.0,0.0,002600100S00,45.0,39.0,12.04,-121.0,30.0,48.78,0.0,9.0,97.79,1.0,0.0,0.0,0.0,0.0,0.0,3.0,H,6,4.0,2.0,1.0,1.0,0.0,1.0,2.0,8.0,0.0,0.0,0.0,0.0,5.0,1.0,02C,293_12234,0.0,2.0,0.0,0.0,0.0,1.0,1.0,0.0,2.0,0.0,0.0,0.0,0.0,0.0,0.0,0.0,0.0,0.0,3.0,3.0,3.0,0.0,0.0,2019-01-05
1829853,1,10.0,1.0,13.0,2019.0,1.0,17.0,14.0,0.0,0.0,2.0,1.0,26.0,1.0,0.0,0.0,002600100S00,45.0,18.0,23.24,-121.0,39.0,46.4,0.0,0.0,62.23,7.0,0.0,0.0,0.0,0.0,2.0,3.0,G,4,4.0,2.0,2.0,3.0,99.0,1.0,2.0,5.0,0.0,0.0,0.0,0.0,5.0,1.0,02C,293_25266,0.0,2.0,0.0,0.0,0.0,2.0,2.0,0.0,3.0,0.0,0.0,0.0,0.0,0.0,0.0,0.0,0.0,0.0,5.0,5.0,5.0,0.0,0.0,2019-01-13
1829867,1,24.0,1.0,29.0,2019.0,3.0,14.0,14.0,0.0,0.0,2.0,1.0,26.0,1.0,0.0,0.0,002600100S00,45.0,37.0,30.13,-121.0,31.0,31.57,0.0,9.0,95.25,1.0,0.0,0.0,0.0,0.0,0.0,1.0,H,6,4.0,1.0,1.0,1.0,0.0,1.0,2.0,8.0,0.0,0.0,0.0,0.0,5.0,1.0,02C,293_733,0.0,2.0,0.0,0.0,0.0,2.0,2.0,0.0,0.0,0.0,0.0,0.0,0.0,0.0,0.0,0.0,0.0,0.0,2.0,2.0,1.0,1.0,0.0,2019-01-29
1829871,1,143.0,7.0,1.0,2019.0,2.0,13.0,14.0,0.0,0.0,2.0,1.0,26.0,1.0,0.0,0.0,002600100S00,45.0,41.0,41.75,-121.0,30.0,19.03,0.0,0.0,100.77,7.0,1.0,0.0,0.0,0.0,3.0,1.0,8,9,4.0,2.0,1.0,1.0,99.0,1.0,1.0,17.0,0.0,0.0,0.0,0.0,5.0,1.0,02C,293_16466,0.0,1.0,0.0,0.0,0.0,1.0,1.0,0.0,0.0,0.0,0.0,0.0,0.0,0.0,0.0,0.0,0.0,0.0,1.0,1.0,1.0,0.0,0.0,2019-07-01
1829928,1,164.0,7.0,20.0,2019.0,7.0,12.0,14.0,0.0,0.0,2.0,1.0,26.0,1.0,0.0,0.0,002600100S00,45.0,32.0,19.74,-121.0,34.0,4.59,0.0,9.0,85.02,1.0,1.0,0.0,0.0,0.0,0.0,4.0,B,6,4.0,1.0,1.0,1.0,4.0,1.0,1.0,3.0,0.0,0.0,0.0,0.0,5.0,1.0,02C,293_784,0.0,2.0,0.0,0.0,2.0,4.0,6.0,0.0,1.0,0.0,0.0,0.0,0.0,0.0,0.0,0.0,0.0,0.0,7.0,7.0,5.0,2.0,0.0,2019-07-20
1829983,1,120.0,6.0,1.0,2019.0,7.0,12.0,14.0,0.0,0.0,2.0,1.0,26.0,1.0,0.0,0.0,002600100S00,45.0,30.0,8.52,-121.0,33.0,43.41,0.0,0.0,80.45,5.0,0.0,0.0,0.0,0.0,2.0,3.0,&,8,4.0,1.0,1.0,1.0,99.0,1.0,1.0,10.0,0.0,0.0,0.0,0.0,5.0,1.0,02C,293_15075,0.0,1.0,0.0,0.0,1.0,0.0,1.0,0.0,0.0,0.0,0.0,0.0,0.0,0.0,0.0,0.0,0.0,0.0,1.0,1.0,0.0,1.0,0.0,2019-06-01
1829988,1,127.0,6.0,14.0,2019.0,6.0,23.0,14.0,0.0,0.0,2.0,1.0,26.0,1.0,0.0,0.0,002600100S00,45.0,37.0,12.45,-121.0,31.0,56.08,0.0,0.0,94.75,7.0,0.0,0.0,0.0,0.0,3.0,4.0,7,&,4.0,1.0,1.0,3.0,0.0,1.0,2.0,12.0,0.0,0.0,0.0,0.0,5.0,1.0,02C,293_21089,0.0,1.0,0.0,0.0,1.0,0.0,1.0,0.0,0.0,0.0,0.0,0.0,0.0,0.0,0.0,0.0,0.0,0.0,1.0,1.0,1.0,0.0,0.0,2019-06-14
1830030,1,139.0,6.0,27.0,2019.0,5.0,16.0,14.0,0.0,0.0,2.0,1.0,26.0,1.0,0.0,0.0,002600100S00,45.0,40.0,47.65,-121.0,30.0,30.59,0.0,0.0,99.6,7.0,0.0,0.0,0.0,0.0,3.0,3.0,C,3,4.0,1.0,1.0,1.0,0.0,1.0,2.0,27.0,0.0,0.0,0.0,0.0,5.0,1.0,02C,293_10893,0.0,2.0,0.0,0.0,0.0,2.0,2.0,0.0,3.0,0.0,0.0,0.0,0.0,0.0,0.0,0.0,0.0,0.0,5.0,5.0,5.0,0.0,0.0,2019-06-27
1830038,1,59.0,3.0,2.0,2019.0,7.0,16.0,14.0,0.0,0.0,2.0,1.0,26.0,1.0,0.0,0.0,002600100S00,45.0,18.0,32.38,-121.0,39.0,4.11,0.0,0.0,63.37,7.0,1.0,0.0,0.0,0.0,2.0,4.0,&,8,4.0,1.0,4.0,1.0,0.0,1.0,2.0,10.0,0.0,0.0,0.0,0.0,5.0,1.0,02C,293_25266,0.0,1.0,0.0,0.0,1.0,0.0,1.0,0.0,2.0,0.0,0.0,0.0,0.0,0.0,0.0,0.0,0.0,0.0,3.0,3.0,3.0,0.0,0.0,2019-03-02
1830046,1,63.0,3.0,3.0,2019.0,1.0,6.0,14.0,0.0,0.0,2.0,1.0,26.0,1.0,0.0,0.0,002600100S00,45.0,39.0,24.95,-121.0,30.0,48.74,0.0,0.0,98.04,3.0,1.0,0.0,0.0,0.0,2.0,1.0,8,9,4.0,1.0,1.0,1.0,99.0,1.0,1.0,10.0,1.0,0.0,0.0,0.0,5.0,1.0,02C,293_12234,0.0,1.0,0.0,0.0,1.0,0.0,1.0,0.0,0.0,0.0,0.0,0.0,0.0,0.0,0.0,0.0,0.0,0.0,1.0,1.0,1.0,0.0,0.0,2019-03-03
1830165,1,61.0,3.0,2.0,2019.0,7.0,15.0,14.0,0.0,0.0,2.0,1.0,26.0,1.0,0.0,0.0,002600100S00,45.0,18.0,34.64,-121.0,38.0,59.27,0.0,0.0,63.45,5.0,1.0,0.0,0.0,0.0,2.0,6.0,9,9,4.0,1.0,4.0,1.0,99.0,1.0,1.0,26.0,0.0,0.0,0.0,0.0,5.0,1.0,02C,293_25266,0.0,1.0,0.0,0.0,1.0,0.0,1.0,0.0,2.0,0.0,0.0,0.0,0.0,0.0,0.0,0.0,0.0,0.0,3.0,3.0,3.0,0.0,0.0,2019-03-02
1830217,1,104.0,5.0,6.0,2019.0,2.0,5.0,14.0,0.0,0.0,2.0,1.0,26.0,1.0,0.0,0.0,002600100S00,45.0,19.0,1.93,-121.0,38.0,27.29,0.0,0.0,64.3,7.0,0.0,0.0,0.0,0.0,2.0,4.0,G,2,4.0,1.0,1.0,4.0,99.0,1.0,1.0,5.0,0.0,0.0,0.0,0.0,5.0,1.0,02C,293_25271,0.0,2.0,0.0,0.0,0.0,1.0,1.0,0.0,1.0,0.0,0.0,0.0,0.0,0.0,0.0,0.0,0.0,0.0,2.0,2.0,2.0,0.0,0.0,2019-05-06
1830243,1,81.0,3.0,16.0,2019.0,7.0,16.0,14.0,0.0,0.0,2.0,1.0,26.0,1.0,0.0,0.0,002600100S00,45.0,38.0,47.38,-121.0,30.0,44.79,0.0,9.0,97.32,1.0,0.0,0.0,0.0,0.0,0.0,3.0,D,6,4.0,1.0,1.0,1.0,0.0,1.0,1.0,27.0,0.0,0.0,0.0,0.0,5.0,1.0,02C,293_10892,0.0,2.0,0.0,0.0,0.0,2.0,2.0,0.0,1.0,0.0,0.0,0.0,0.0,0.0,0.0,0.0,0.0,0.0,3.0,3.0,3.0,0.0,0.0,2019-03-16