Crash ID,Record Type,Serial #,Crash Month,Crash Day,Crash Year,Week Day Code,Crash Hour,County Code,City Section ID,Urban Area Code,Functional Class Code,NHS Flag,Highway Number,Roadway Number,Highway Component,Mileage Type,Linear Reference System (LRS),Latitude Degrees,Latitude Minutes,Latitude Seconds,Longitude Degrees,Longitude Minutes,Longitude Seconds,Latitude (Decimal Degrees),Intersection Sequence Number,Distance from Intersection,Milepoint,Posted Speed Limit,Off Roadway Flag,Intersection Type,Intersection Related Flag,Roundabout Flag,Number of Turning Legs,Median Type,Impact Location,Crash Type,Collision Type,Crash Severity,Weather Condition,Road Surface Condition,Light Condition,Traffic Control Device (TCD),Crash Level Event 2 Code,School Zone Indicator,Work Zone Indicator,Secondary Crash Indicator,Alcohol-Involved Flag,Crash Marijuana Involved Flag,Population Range Code,Road Control,Route Type,Region ID,District ID,Segment Marker ID,Segment Point LRS Measure,Unlocatable Flag,Total Vehicle Count,Total Fatality Count,Total Suspected Serious Injury (A) Count,Total Suspected Minor Injury (B) Count,Total Possible Injury (C) Count,Total Non-Fatal Injury Count,Total Un-Injured  Children Age 00-04,Total Un-Injured Persons,Total Pedestrian Count,Total Pedestrian Fatality Count,Total Pedestrian Non-Fatal Injury Count,Total Pedalcyclist Count,Total Pedalcyclist Fatality Count,Total Pedalcyclist Non-Fatal Injury Count,Total Unknown Non-Motorist Count,Total Unknown Non-Motorist Fatality Count,Total Unknown Non-Motorist Injury Count,Total Vehicle Occupant Count,date
1831161,1,9.0,1.0,3.0,2019.0,5.0,7.0,3.0,185.0,68.0,14.0,1.0,26.0,1.0,0.0,0.0,002600100S00,45.0,24.0,10.54,-122.0,17.0,7.87,0.0,8.0,23.04,3.0,0.0,0.0,0.0,0.0,4.0,4.0,C,3,4.0,3.0,2.0,2.0,0.0,1.0,3.0,17.0,0.0,0.0,0.0,0.0,4.0,1.0,02C,293_16426,0.0,2.0,0.0,0.0,1.0,1.0,2.0,0.0,0.0,0.0,0.0,0.0,0.0,0.0,0.0,0.0,0.0,0.0,2.0,2.0,2.0,0.0,0.0,2019-01-03
1831660,1,83.0,1.0,9.0,2019.0,4.0,7.0,3.0,0.0,57.0,14.0,1.0,26.0,1.0,0.0,0.0,002600100S00,45.0,26.0,40.57,-122.0,21.0,38.86,0.0,9.0,18.35,1.0,0.0,0.0,0.0,0.0,0.0,4.0,H,6,4.0,2.0,1.0,1.0,0.0,1.0,1.0,2.0,0.0,0.0,0.0,0.0,8.0,1.0,02C,293_6833,0.0,2.0,0.0,0.0,0.0,1.0,1.0,0.0,1.0,0.0,0.0,0.0,0.0,0.0,0.0,0.0,0.0,0.0,2.0,2.0,2.0,0.0,0.0,2019-01-09
1831698,1,89.0,1.0,9.0,2019.0,4.0,18.0,3.0,0.0,57.0,14.0,1.0,26.0,1.0,6.0,0.0,0026AK100S00,45.0,25.0,57.61,-122.0,20.0,42.94,0.0,1.0,19.49,1.0,0.0,0.0,0.0,0.0,0.0,6.0,E,3,4.0,3.0,2.0,3.0,4.0,1.0,0.0,29.0,0.0,0.0,0.0,0.0,8.0,1.0,02C,293_6308,0.0,2.0,0.0,0.0,0.0,1.0,1.0,0.0,1.0,0.0,0.0,0.0,0.0,0.0,0.0,0.0,0.0,0.0,2.0,2.0,2.0,0.0,0.0,2019-01-09
1832302,1,944.0,2.0,2.0,2019.0,7.0,17.0,26.0,245.0,57.0,14.0,1.0,26.0,1.0,0.0,0.0,002600100S00,45.0,29.0,42.89,-122.0,29.0,56.22,0.0,8.0,9.15,1.0,0.0,0.0,0.0,0.0,0.0,6.0,E,3,4.0,1.0,1.0,1.0,4.0,1.0,3.0,29.0,0.0,0.0,0.0,1.0,2.0,1.0,02B,293_18833,0.0,2.0,0.0,0.0,0.0,1.0,1.0,0.0,1.0,0.0,0.0,0.0,0.0,0.0,0.0,0.0,0.0,0.0,2.0,2.0,0.0,0.0,2.0,2019-02-02
1832348,1,118.0,1.0,12.0,2019.0,7.0,14.0,3.0,185.0,68.0,14.0,1.0,26.0,2.0,1.0,0.0,002600200S00,45.0,23.0,50.25,-122.0,15.0,46.91,0.0,9.0,24.22,1.0,0.0,0.0,0.0,0.0,0.0,1.0,B,1,4.0,1.0,1.0,1.0,4.0,1.0,3.0,2.0,0.0,0.0,0.0,0.0,4.0,1.0,02C,293_12236,0.0,2.0,0.0,0.0,1.0,0.0,1.0,0.0,1.0,0.0,0.0,0.0,0.0,0.0,0.0,0.0,0.0,0.0,2.0,2.0,2.0,0.0,0.0,2019-01-12
1833315,1,180.0,1.0,15.0,2019.0,3.0,21.0,3.0,185.0,68.0,14.0,1.0,26.0,1.0,0.0,0.0,002600100S00,45.0,23.0,46.7,-122.0,15.0,6.46,0.0,8.0,25.02,2.0,1.0,0.0,0.0,0.0,4.0,8.0,8,9,4.0,2.0,1.0,3.0,0.0,1.0,3.0,8.0,1.0,0.0,0.0,0.0,4.0,1.0,02C,293_21085,0.0,1.0,0.0,0.0,0.0,1.0,1.0,0.0,0.0,0.0,0.0,0.0,0.0,0.0,0.0,0.0,0.0,0.0,1.0,1.0,1.0,0.0,0.0,2019-01-15
1833381,1,200.0,1.0,18.0,2019.0,6.0,17.0,3.0,185.0,68.0,14.0,1.0,26.0,1.0,0.0,0.0,002600100S00,45.0,24.0,21.15,-122.0,17.0,39.47,0.0,9.0,22.56,1.0,0.0,0.0,0.0,0.0,0.0,4.0,G,2,4.0,3.0,2.0,3.0,0.0,1.0,3.0,1.0,0.0,0.0,1.0,0.0,4.0,1.0,02C,293_8495,0.0,2.0,0.0,0.0,0.0,1.0,1.0,0.0,4.0,0.0,0.0,0.0,0.0,0.0,0.0,0.0,0.0,0.0,5.0,5.0,5.0,0.0,0.0,2019-01-18
1833535,1,1103.0,2.0,6.0,2019.0,4.0,18.0,26.0,245.0,57.0,14.0,1.0,26.0,1.0,0.0,0.0,002600100S00,45.0,30.0,4.17,-122.0,39.0,15.17,0.0,1.0,1.32,1.0,0.0,0.0,0.0,0.0,0.0,2.0,B,6,4.0,1.0,1.0,2.0,7.0,1.0,5.0,2.0,0.0,0.0,0.0,0.0,2.0,1.0,02B,293_12192,0.0,4.0,0.0,0.0,1.0,1.0,2.0,0.0,3.0,0.0,0.0,0.0,0.0,0.0,0.0,0.0,0.0,0.0,5.0,5.0,5.0,0.0,0.0,2019-02-06
1833678,1,268.0,1.0,23.0,2019.0,4.0,17.0,3.0,0.0,0.0,2.0,1.0,26.0,1.0,0.0,0.0,002600100S00,45.0,17.0,29.18,-121.0,41.0,26.6,0.0,0.0,58.91,5.0,0.0,0.0,0.0,0.0,3.0,3.0,2,2,4.0,3.0,2.0,3.0,0.0,1.0,1.0,20.0,0.0,0.0,0.0,0.0,5.0,1.0,02C,293_8528,0.0,2.0,0.0,0.0,0.0,1.0,1.0,0.0,0.0,0.0,0.0,0.0,0.0,0.0,0.0,0.0,0.0,0.0,1.0,1.0,1.0,0.0,0.0,2019-01-23
1833867,1,193.0,1.0,8.0,2019.0,3.0,8.0,26.0,245.0,57.0,14.0,1.0,26.0,1.0,0.0,0.0,002600100S00,45.0,29.0,32.31,-122.0,29.0,4.82,0.0,4.0,9.87,1.0,0.0,0.0,0.0,0.0,0.0,6.0,3,0,4.0,3.0,2.0,1.0,22.0,1.0,3.0,18.0,0.0,1.0,0.0,0.0,2.0,1.0,02B,293_16249,0.0,1.0,0.0,0.0,1.0,0.0,1.0,0.0,1.0,1.0,0.0,1.0,0.0,0.0,0.0,0.0,0.0,0.0,1.0,2.0,1.0,0.0,0.0,2019-01-08
1833899,1,205.0,1.0,8.0,2019.0,3.0,13.0,26.0,245.0,57.0,14.0,1.0,26.0,1.0,0.0,0.0,002600100S00,45.0,29.0,52.99,-122.0,30.0,38.24,0.0,9.0,8.55,1.0,0.0,0.0,0.0,0.0,0.0,2.0,H,6,4.0,1.0,1.0,1.0,1.0,1.0,5.0,2.0,0.0,0.0,0.0,0.0,2.0,1.0,02B,293_18831,0.0,2.0,0.0,0.0,0.0,2.0,2.0,0.0,1.0,0.0,0.0,0.0,0.0,0.0,0.0,0.0,0.0,0.0,3.0,3.0,3.0,0.0,0.0,2019-01-08
1833971,1,1283.0,2.0,12.0,2019.0,3.0,16.0,26.0,250.0,57.0,14.0,1.0,26.0,1.0,0.0,0.0,002600100S00,45.0,30.0,4.57,-122.0,39.0,51.11,0.0,7.0,0.84,8.0,0.0,0.0,0.0,0.0,4.0,3.0,C,5,4.0,1.0,1.0,1.0,99.0,1.0,0.0,13.0,0.0,0.0,0.0,0.0,2.0,1.0,02B,293_6794,0.0,2.0,0.0,0.0,0.0,1.0,1.0,0.0,1.0,0.0,0.0,0.0,0.0,0.0,0.0,0.0,0.0,0.0,2.0,2.0,0.0,0.0,2.0,2019-02-12
1833979,1,1291.0,2.0,13.0,2019.0,4.0,8.0,26.0,245.0,57.0,14.0,1.0,26.0,2.0,0.0,0.0,002600200S00,45.0,30.0,1.16,-122.0,39.0,1.89,0.0,3.0,1.52,3.0,0.0,0.0,0.0,0.0,4.0,5.0,E,3,4.0,1.0,2.0,1.0,99.0,1.0,0.0,1.0,0.0,0.0,1.0,0.0,2.0,1.0,02B,293_22189,0.0,2.0,0.0,0.0,0.0,1.0,1.0,0.0,1.0,0.0,0.0,0.0,0.0,0.0,0.0,0.0,0.0,0.0,2.0,2.0,2.0,0.0,0.0,2019-02-13
1833986,1,1296.0,2.0,13.0,2019.0,4.0,17.0,26.0,250.0,57.0,14.0,1.0,26.0,1.0,0.0,0.0,002600100S00,45.0,30.0,4.46,-122.0,39.0,52.56,0.0,7.0,0.82,8.0,0.0,0.0,0.0,0.0,4.0,3.0,E,3,4.0,2.0,1.0,2.0,99.0,1.0,3.0,27.0,0.0,0.0,0.0,0.0,2.0,1.0,02B,293_6794,0.0,2.0,0.0,0.0,0.0,2.0,2.0,0.0,1.0,0.0,0.0,0.0,0.0,0.0,0.0,0.0,0.0,0.0,3.0,3.0,3.0,0.0,0.0,2019-02-13
1834003,1,80138.0,1.0,26.0,2019.0,7.0,12.0,14.0,0.0,0.0,2.0,1.0,26.0,1.0,0.0,0.0,002600100S00,45.0,18.0,18.99,-121.0,40.0,4.61,0.0,0.0,61.96,3.0,0.0,0.0,0.0,0.0,2.0,3.0,E,3,4.0,1.0,1.0,1.0,0.0,1.0,0.0,29.0,0.0,0.0,0.0,0.0,5.0,1.0,02C,293_25266,0.0,2.0,0.0,0.0,0.0,1.0,1.0,0.0,3.0,0.0,0.0,0.0,0.0,0.0,0.0,0.0,0.0,0.0,4.0,4.0,3.0,0.0,1.0,2019-01-26
1834029,1,2351.0,3.0,19.0,2019.0,3.0,15.0,26.0,245.0,57.0,14.0,1.0,26.0,1.0,0.0,0.0,002600100S00,45.0,29.0,50.93,-122.0,36.0,25.58,0.0,3.0,3.66,1.0,0.0,0.0,0.0,0.0,0.0,6.0,E,3,4.0,1.0,1.0,1.0,19.0,1.0,0.0,29.0,0.0,0.0,0.0,0.0,2.0,1.0,02B,293_11625,0.0,2.0,0.0,0.0,0.0,1.0,1.0,0.0,1.0,0.0,0.0,0.0,0.0,0.0,0.0,0.0,0.0,0.0,2.0,2.0,1.0,0.0,1.0,2019-03-19
1834096,1,222.0,1.0,9.0,2019.0,4.0,7.0,26.0,245.0,57.0,14.0,1.0,26.0,1.0,0.0,0.0,002600100S00,45.0,29.0,49.44,-122.0,37.0,33.16,0.0,7.0,2.74,1.0,0.0,0.0,0.0,0.0,0.0,6.0,E,3,4.0,3.0,2.0,4.0,99.0,1.0,5.0,29.0,0.0,0.0,0.0,0.0,2.0,1.0,02B,293_865,0.0,2.0,0.0,0.0,2.0,0.0,2.0,0.0,0.0,0.0,0.0,0.0,0.0,0.0,0.0,0.0,0.0,0.0,2.0,2.0,2.0,0.0,0.0,2019-01-09
1834202,1,223.0,1.0,9.0,2019.0,4.0,7.0,26.0,247.0,57.0,16.0,0.0,26.0,1.0,6.0,0.0,0026AC100S00,45.0,30.0,22.0,-122.0,40.0,38.99,0.0,5.0,0.21,1.0,0.0,0.0,0.0,0.0,0.0,6.0,E,3,4.0,3.0,2.0,1.0,99.0,1.0,0.0,29.0,0.0,0.0,0.0,0.0,2.0,1.0,02B,293_6302,0.0,2.0,0.0,0.0,0.0,1.0,1.0,0.0,1.0,0.0,0.0,0.0,0.0,0.0,0.0,0.0,0.0,0.0,2.0,2.0,1.0,0.0,1.0,2019-01-09
1834407,1,1460.0,2.0,18.0,2019.0,2.0,3.0,26.0,245.0,57.0,14.0,1.0,26.0,1.0,0.0,0.0,002600100S00,45.0,30.0,2.38,-122.0,39.0,7.69,0.0,3.0,1.43,1.0,1.0,0.0,0.0,0.0,0.0,5.0,8,9,4.0,2.0,1.0,2.0,4.0,1.0,3.0,33.0,0.0,0.0,0.0,1.0,2.0,1.0,02B,293_8487,0.0,1.0,0.0,0.0,0.0,1.0,1.0,0.0,1.0,0.0,0.0,0.0,0.0,0.0,0.0,0.0,0.0,0.0,2.0,2.0,0.0,2.0,0.0,2019-02-18
1834440,1,1518.0,2.0,20.0,2019.0,4.0,7.0,26.0,247.0,57.0,16.0,0.0,26.0,2.0,0.0,0.0,002600200S00,45.0,30.0,10.97,-122.0,40.0,35.99,0.0,4.0,0.09,1.0,0.0,0.0,0.0,0.0,0.0,6.0,E,3,4.0,1.0,1.0,1.0,4.0,1.0,0.0,27.0,0.0,0.0,0.0,0.0,2.0,1.0,02B,293_6878,0.0,2.0,0.0,0.0,0.0,1.0,1.0,0.0,2.0,0.0,0.0,0.0,0.0,0.0,0.0,0.0,0.0,0.0,3.0,3.0,2.0,0.0,1.0,2019-02-20
1834574,1,339.0,1.0,29.0,2019.0,3.0,11.0,3.0,185.0,68.0,14.0,1.0,26.0,1.0,1.0,0.0,002600100S00,45.0,23.0,46.91,-122.0,15.0,50.98,0.0,9.0,24.19,1.0,0.0,0.0,0.0,0.0,0.0,2.0,H,6,4.0,1.0,1.0,1.0,4.0,1.0,3.0,2.0,0.0,0.0,0.0,0.0,4.0,1.0,02C,293_12199,0.0,2.0,0.0,0.0,0.0,2.0,2.0,0.0,1.0,0.0,0.0,0.0,0.0,0.0,0.0,0.0,0.0,0.0,3.0,3.0,3.0,0.0,0.0,2019-01-29
1834655,1,275.0,1.0,11.0,2019.0,6.0,18.0,26.0,245.0,57.0,14.0,1.0,26.0,1.0,0.0,0.0,002600100S00,45.0,29.0,49.03,-122.0,32.0,31.61,0.0,7.0,6.99,1.0,0.0,0.0,0.0,0.0,0.0,6.0,E,3,4.0,1.0,2.0,2.0,99.0,1.0,0.0,29.0,0.0,0.0,0.0,0.0,2.0,1.0,02B,293_16213,0.0,2.0,0.0,0.0,0.0,4.0,4.0,2.0,1.0,0.0,0.0,0.0,0.0,0.0,0.0,0.0,0.0,0.0,5.0,5.0,5.0,0.0,0.0,2019-01-11
1834846,1,8131.0,9.0,8.0,2019.0,1.0,20.0,26.0,247.0,57.0,14.0,1.0,26.0,1.0,6.0,0.0,0026AA100S00,45.0,30.0,3.15,-122.0,40.0,40.05,0.0,6.0,0.51,8.0,1.0,0.0,0.0,0.0,1.0,6.0,8,9,5.0,0.0,0.0,5.0,15.0,1.0,3.0,32.0,1.0,0.0,0.0,0.0,2.0,1.0,02B,293_8537,0.0,1.0,0.0,0.0,0.0,0.0,0.0,0.0,1.0,0.0,0.0,0.0,0.0,0.0,0.0,0.0,0.0,0.0,1.0,1.0,0.0,0.0,1.0,2019-09-08
1834858,1,8217.0,9.0,10.0,2019.0,3.0,13.0,26.0,247.0,57.0,16.0,0.0,26.0,1.0,0.0,0.0,002600100S00,45.0,30.0,1.4,-122.0,40.0,30.92,0.0,9.0,0.27,1.0,0.0,0.0,0.0,0.0,0.0,3.0,B,6,5.0,3.0,2.0,1.0,4.0,1.0,0.0,8.0,0.0,0.0,1.0,0.0,2.0,1.0,02B,293_6790,0.0,2.0,0.0,0.0,0.0,0.0,0.0,0.0,2.0,0.0,0.0,0.0,0.0,0.0,0.0,0.0,0.0,0.0,2.0,2.0,1.0,0.0,1.0,2019-09-10
1835060,1,737.0,1.0,23.0,2019.0,4.0,17.0,3.0,0.0,0.0,2.0,1.0,26.0,1.0,0.0,0.0,002600100S00,45.0,17.0,30.45,-121.0,41.0,22.69,0.0,0.0,58.97,5.0,1.0,0.0,0.0,0.0,3.0,7.0,9,9,5.0,3.0,2.0,3.0,0.0,1.0,1.0,27.0,0.0,0.0,0.0,0.0,5.0,1.0,02C,293_8528,0.0,1.0,0.0,0.0,0.0,0.0,0.0,0.0,1.0,0.0,0.0,0.0,0.0,0.0,0.0,0.0,0.0,0.0,1.0,1.0,1.0,0.0,0.0,2019-01-23
1835061,1,739.0,2.0,10.0,2019.0,1.0,9.0,3.0,0.0,0.0,2.0,1.0,26.0,1.0,0.0,0.0,002600100S00,45.0,21.0,44.02,-121.0,59.0,59.91,0.0,0.0,38.5,3.0,1.0,0.0,0.0,0.0,4.0,8.0,8,9,5.0,3.0,2.0,1.0,0.0,1.0,1.0,1.0,0.0,0.0,1.0,0.0,5.0,1.0,02C,293_14991,0.0,1.0,0.0,0.0,0.0,0.0,0.0,0.0,1.0,0.0,0.0,0.0,0.0,0.0,0.0,0.0,0.0,0.0,1.0,1.0,1.0,0.0,0.0,2019-02-10
1835182,1,738.0,2.0,1.0,2019.0,6.0,9.0,3.0,185.0,68.0,14.0,1.0,26.0,2.0,1.0,0.0,002600200S00,45.0,23.0,50.21,-122.0,15.0,34.98,0.0,9.0,24.38,1.0,0.0,0.0,0.0,0.0,0.0,3.0,H,6,5.0,3.0,2.0,1.0,1.0,1.0,1.0,2.0,0.0,0.0,0.0,0.0,4.0,1.0,02C,293_10934,0.0,2.0,0.0,0.0,0.0,0.0,0.0,0.0,2.0,0.0,0.0,0.0,0.0,0.0,0.0,0.0,0.0,0.0,2.0,2.0,2.0,0.0,0.0,2019-02-01
1835197,1,1392.0,2.0,15.0,2019.0,6.0,15.0,26.0,83.0,57.0,14.0,1.0,26.0,1.0,0.0,0.0,002600100S00,45.0,29.0,12.13,-122.0,23.0,58.69,0.0,4.0,14.75,1.0,0.0,0.0,0.0,0.0,0.0,9.0,E,3,5.0,3.0,2.0,1.0,1.0,1.0,0.0,29.0,0.0,0.0,0.0,0.0,4.0,1.0,02C,293_764,0.0,2.0,0.0,0.0,0.0,0.0,0.0,0.0,2.0,0.0,0.0,0.0,0.0,0.0,0.0,0.0,0.0,0.0,2.0,2.0,2.0,0.0,0.0,2019-02-15
1835205,1,1082.0,2.0,9.0,2019.0,7.0,16.0,3.0,0.0,57.0,14.0,1.0,26.0,2.0,0.0,0.0,002600200S00,45.0,27.0,24.69,-122.0,22.0,40.86,0.0,0.0,17.16,3.0,1.0,0.0,0.0,0.0,2.0,6.0,8,9,5.0,1.0,3.0,1.0,0.0,1.0,1.0,26.0,0.0,0.0,0.0,0.0,8.0,1.0,02C,293_6882,0.0,1.0,0.0,0.0,0.0,0.0,0.0,0.0,1.0,0.0,0.0,0.0,0.0,0.0,0.0,0.0,0.0,0.0,1.0,1.0,1.0,0.0,0.0,2019-02-09
1835211,1,2742.0,4.0,1.0,2019.0,2.0,9.0,26.0,245.0,57.0,14.0,1.0,26.0,1.0,0.0,0.0,002600100S00,45.0,29.0,50.66,-122.0,34.0,43.32,0.0,7.0,5.04,1.0,0.0,0.0,0.0,0.0,0.0,6.0,E,3,4.0,1.0,1.0,1.0,1.0,1.0,0.0,29.0,0.0,0.0,0.0,0.0,2.0,1.0,02B,293_21461,0.0,2.0,0.0,0.0,0.0,2.0,2.0,0.0,1.0,0.0,0.0,0.0,0.0,0.0,0.0,0.0,0.0,0.0,3.0,3.0,3.0,0.0,0.0,2019-04-01
1835217,1,565.0,2.0,13.0,2019.0,4.0,9.0,3.0,0.0,0.0,2.0,1.0,26.0,1.0,0.0,0.0,002600100S00,45.0,18.0,41.07,-121.0,48.0,4.85,0.0,0.0,50.85,5.0,0.0,0.0,0.0,0.0,4.0,4.0,9,9,5.0,6.0,3.0,1.0,4.0,1.0,0.0,26.0,0.0,0.0,0.0,0.0,5.0,1.0,02C,293_20910,0.0,1.0,0.0,0.0,0.0,0.0,0.0,0.0,4.0,0.0,0.0,0.0,0.0,0.0,0.0,0.0,0.0,0.0,4.0,4.0,4.0,0.0,0.0,2019-02-13
1835225,1,2527.0,7.0,25.0,2019.0,5.0,18.0,3.0,185.0,68.0,14.0,1.0,26.0,1.0,0.0,0.0,002600100S00,45.0,24.0,6.4,-122.0,16.0,55.86,0.0,4.0,23.21,2.0,0.0,0.0,0.0,0.0,4.0,5.0,B,6,5.0,1.0,1.0,1.0,0.0,1.0,5.0,2.0,0.0,0.0,0.0,0.0,4.0,1.0,02C,293_17678,0.0,2.0,0.0,0.0,0.0,0.0,0.0,0.0,2.0,0.0,0.0,0.0,0.0,0.0,0.0,0.0,0.0,0.0,2.0,2.0,1.0,0.0,1.0,2019-07-25
1835231,1,2592.0,7.0,31.0,2019.0,4.0,15.0,3.0,185.0,68.0,14.0,1.0,26.0,1.0,0.0,0.0,002600100S00,45.0,23.0,51.82,-122.0,16.0,16.16,0.0,8.0,23.83,3.0,1.0,0.0,0.0,0.0,4.0,1.0,8,9,4.0,1.0,1.0,1.0,0.0,1.0,3.0,17.0,0.0,0.0,0.0,0.0,4.0,1.0,02C,293_16428,0.0,1.0,0.0,0.0,0.0,1.0,1.0,0.0,1.0,0.0,0.0,0.0,0.0,0.0,0.0,0.0,0.0,0.0,2.0,2.0,1.0,0.0,1.0,2019-07-31
1835315,1,2652.0,8.0,3.0,2019.0,7.0,23.0,3.0,185.0,68.0,14.0,1.0,26.0,1.0,0.0,0.0,002600100S00,45.0,23.0,56.15,-122.0,16.0,27.72,0.0,0.0,23.65,1.0,1.0,0.0,0.0,0.0,0.0,5.0,8,9,5.0,1.0,1.0,3.0,0.0,1.0,3.0,16.0,0.0,0.0,0.0,0.0,4.0,1.0,02C,293_16428,0.0,1.0,0.0,0.0,0.0,0.0,0.0,0.0,3.0,0.0,0.0,0.0,0.0,0.0,0.0,0.0,0.0,0.0,3.0,3.0,1.0,0.0,2.0,2019-08-03
1835316,1,2686.0,8.0,6.0,2019.0,3.0,13.0,3.0,185.0,68.0,14.0,1.0,26.0,1.0,0.0,0.0,002600100S00,45.0,24.0,0.67,-122.0,16.0,39.57,0.0,4.0,23.46,3.0,0.0,0.0,0.0,0.0,4.0,6.0,E,3,5.0,1.0,1.0,1.0,0.0,1.0,0.0,29.0,0.0,0.0,0.0,0.0,4.0,1.0,02C,293_15038,0.0,2.0,0.0,0.0,0.0,0.0,0.0,0.0,2.0,0.0,0.0,0.0,0.0,0.0,0.0,0.0,0.0,0.0,2.0,2.0,1.0,0.0,1.0,2019-08-06
1835322,1,2741.0,8.0,10.0,2019.0,7.0,16.0,3.0,185.0,68.0,14.0,1.0,26.0,1.0,0.0,0.0,002600100S00,45.0,23.0,58.97,-122.0,16.0,34.95,0.0,4.0,23.54,2.0,0.0,0.0,0.0,0.0,4.0,5.0,B,6,5.0,1.0,1.0,1.0,0.0,1.0,3.0,2.0,0.0,0.0,0.0,0.0,4.0,1.0,02C,293_17071,0.0,2.0,0.0,0.0,0.0,0.0,0.0,0.0,5.0,0.0,0.0,0.0,0.0,0.0,0.0,0.0,0.0,0.0,5.0,5.0,5.0,0.0,0.0,2019-08-10
1835330,1,2848.0,8.0,19.0,2019.0,2.0,15.0,3.0,0.0,0.0,2.0,1.0,26.0,1.0,0.0,0.0,002600100S00,45.0,18.0,32.98,-121.0,52.0,58.56,0.0,0.0,46.36,3.0,0.0,0.0,0.0,0.0,2.0,3.0,E,3,5.0,1.0,1.0,1.0,0.0,1.0,0.0,29.0,0.0,0.0,0.0,0.0,5.0,1.0,02C,293_12670,0.0,2.0,0.0,0.0,0.0,0.0,0.0,0.0,2.0,0.0,0.0,0.0,0.0,0.0,0.0,0.0,0.0,0.0,2.0,2.0,1.0,0.0,1.0,2019-08-19
1835332,1,3227.0,9.0,18.0,2019.0,4.0,20.0,3.0,185.0,68.0,14.0,1.0,26.0,1.0,0.0,0.0,002600100S00,45.0,23.0,43.62,-122.0,14.0,58.66,0.0,4.0,25.14,3.0,1.0,0.0,0.0,0.0,4.0,1.0,8,9,5.0,2.0,2.0,3.0,0.0,1.0,3.0,10.0,0.0,0.0,0.0,0.0,4.0,1.0,02C,293_10840,0.0,1.0,0.0,0.0,0.0,0.0,0.0,0.0,1.0,0.0,0.0,0.0,0.0,0.0,0.0,0.0,0.0,0.0,1.0,1.0,1.0,0.0,0.0,2019-09-18
1835374,1,1919.0,6.0,10.0,2019.0,2.0,19.0,3.0,185.0,68.0,14.0,1.0,26.0,1.0,0.0,0.0,002600100S00,45.0,24.0,32.2,-122.0,18.0,6.31,0.0,4.0,22.15,1.0,0.0,0.0,0.0,0.0,0.0,6.0,E,3,5.0,1.0,1.0,1.0,1.0,1.0,0.0,29.0,0.0,0.0,0.0,0.0,4.0,1.0,02C,293_6837,0.0,2.0,0.0,0.0,0.0,0.0,0.0,0.0,3.0,0.0,0.0,0.0,0.0,0.0,0.0,0.0,0.0,0.0,3.0,3.0,2.0,0.0,1.0,2019-06-10
1835382,1,2191.0,6.0,28.0,2019.0,6.0,10.0,3.0,185.0,68.0,14.0,1.0,26.0,1.0,0.0,0.0,002600100S00,45.0,24.0,18.71,-122.0,17.0,31.65,0.0,8.0,22.67,3.0,0.0,0.0,0.0,0.0,4.0,3.0,E,3,5.0,1.0,1.0,1.0,0.0,1.0,3.0,27.0,0.0,0.0,0.0,0.0,4.0,1.0,02C,293_8495,0.0,2.0,0.0,0.0,0.0,0.0,0.0,0.0,3.0,0.0,0.0,0.0,0.0,0.0,0.0,0.0,0.0,0.0,3.0,3.0,3.0,0.0,0.0,2019-06-28
1835386,1,2259.0,6.0,29.0,2019.0,7.0,0.0,3.0,0.0,0.0,2.0,1.0,26.0,1.0,0.0,0.0,002600100S00,45.0,22.0,0.04,-122.0,8.0,58.11,0.0,0.0,30.68,3.0,0.0,0.0,0.0,0.0,4.0,4.0,9,9,5.0,1.0,1.0,3.0,0.0,1.0,1.0,10.0,1.0,0.0,0.0,0.0,5.0,1.0,02C,293_14987,0.0,1.0,0.0,0.0,0.0,0.0,0.0,0.0,1.0,0.0,0.0,0.0,0.0,0.0,0.0,0.0,0.0,0.0,1.0,1.0,1.0,0.0,0.0,2019-06-29
1835459,1,2958.0,6.0,27.0,2019.0,5.0,15.0,3.0,185.0,68.0,14.0,1.0,26.0,1.0,0.0,0.0,002600100S00,45.0,23.0,55.68,-122.0,16.0,26.44,0.0,4.0,23.67,3.0,0.0,0.0,0.0,0.0,4.0,0.0,C,5,5.0,1.0,1.0,1.0,0.0,1.0,3.0,13.0,0.0,0.0,0.0,0.0,4.0,1.0,02C,293_16428,0.0,2.0,0.0,0.0,0.0,0.0,0.0,0.0,3.0,0.0,0.0,0.0,0.0,0.0,0.0,0.0,0.0,0.0,3.0,3.0,3.0,0.0,0.0,2019-06-27