Crash ID,Record Type,Serial #,Crash Month,Crash Day,Crash Year,Week Day Code,Crash Hour,County Code,City Section ID,Urban Area Code,Functional Class Code,NHS Flag,Highway Number,Roadway Number,Highway Component,Mileage Type,Linear Reference System (LRS),Latitude Degrees,Latitude Minutes,Latitude Seconds,Longitude Degrees,Longitude Minutes,Longitude Seconds,Latitude (Decimal Degrees),Intersection Sequence Number,Distance from Intersection,Milepoint,Posted Speed Limit,Off Roadway Flag,Intersection Type,Intersection Related Flag,Roundabout Flag,Number of Turning Legs,Median Type,Impact Location,Crash Type,Collision Type,Crash Severity,Weather Condition,Road Surface Condition,Light Condition,Traffic Control Device (TCD),Crash Level Event 2 Code,School Zone Indicator,Work Zone Indicator,Secondary Crash Indicator,Alcohol-Involved Flag,Crash Marijuana Involved Flag,Population Range Code,Road Control,Route Type,Region ID,District ID,Segment Marker ID,Segment Point LRS Measure,Unlocatable Flag,Total Vehicle Count,Total Fatality Count,Total Suspected Serious Injury (A) Count,Total Suspected Minor Injury (B) Count,Total Possible Injury (C) Count,Total Non-Fatal Injury Count,Total Un-Injured  Children Age 00-04,Total Un-Injured Persons,Total Pedestrian Count,Total Pedestrian Fatality Count,Total Pedestrian Non-Fatal Injury Count,Total Pedalcyclist Count,Total Pedalcyclist Fatality Count,Total Pedalcyclist Non-Fatal Injury Count,Total Unknown Non-Motorist Count,Total Unknown Non-Motorist Fatality Count,Total Unknown Non-Motorist Injury Count,Total Vehicle Occupant Count,date
1835471,1,2375.0,7.0,12.0,2019.0,6.0,16.0,3.0,185.0,68.0,14.0,1.0,26.0,1.0,0.0,0.0,002600100S00,45.0,23.0,53.8,-122.0,16.0,21.26,0.0,4.0,23.75,3.0,0.0,0.0,0.0,0.0,4.0,3.0,E,3,5.0,1.0,1.0,1.0,0.0,1.0,3.0,29.0,0.0,0.0,0.0,0.0,4.0,1.0,02C,293_16428,0.0,2.0,0.0,0.0,0.0,0.0,0.0,0.0,3.0,0.0,0.0,0.0,0.0,0.0,0.0,0.0,0.0,0.0,3.0,3.0,3.0,0.0,0.0,2019-07-12
1835511,1,2404.0,7.0,14.0,2019.0,1.0,10.0,3.0,185.0,68.0,14.0,1.0,26.0,1.0,1.0,0.0,002600100S00,45.0,23.0,47.93,-122.0,15.0,28.06,0.0,6.0,24.5,3.0,0.0,0.0,0.0,0.0,2.0,4.0,C,5,5.0,1.0,1.0,1.0,0.0,1.0,0.0,13.0,0.0,0.0,0.0,0.0,4.0,1.0,02C,293_9596,0.0,2.0,0.0,0.0,0.0,0.0,0.0,0.0,3.0,0.0,0.0,0.0,0.0,0.0,0.0,0.0,0.0,0.0,3.0,3.0,2.0,0.0,1.0,2019-07-14
1835592,1,2806.0,4.0,3.0,2019.0,4.0,14.0,26.0,245.0,57.0,14.0,1.0,26.0,1.0,0.0,0.0,002600100S00,45.0,29.0,49.71,-122.0,32.0,8.58,0.0,3.0,7.31,3.0,0.0,0.0,0.0,0.0,2.0,4.0,C,3,4.0,1.0,1.0,1.0,99.0,1.0,0.0,29.0,0.0,0.0,0.0,0.0,2.0,1.0,02B,293_20865,0.0,2.0,0.0,0.0,0.0,1.0,1.0,0.0,1.0,0.0,0.0,0.0,0.0,0.0,0.0,0.0,0.0,0.0,2.0,2.0,1.0,0.0,1.0,2019-04-03
1835606,1,2811.0,4.0,3.0,2019.0,4.0,21.0,26.0,245.0,57.0,14.0,1.0,26.0,1.0,0.0,0.0,002600100S00,45.0,29.0,48.83,-122.0,32.0,36.51,0.0,9.0,6.93,1.0,0.0,0.0,0.0,0.0,0.0,1.0,B,6,4.0,1.0,1.0,2.0,4.0,1.0,0.0,2.0,0.0,0.0,0.0,0.0,2.0,1.0,02B,293_14852,0.0,2.0,0.0,0.0,0.0,1.0,1.0,0.0,2.0,0.0,0.0,0.0,0.0,0.0,0.0,0.0,0.0,0.0,3.0,3.0,2.0,0.0,1.0,2019-04-03
1835807,1,6333.0,7.0,26.0,2019.0,6.0,16.0,26.0,250.0,57.0,14.0,1.0,26.0,1.0,0.0,0.0,002600100S00,45.0,30.0,4.35,-122.0,39.0,54.01,0.0,7.0,0.8,8.0,0.0,0.0,0.0,0.0,4.0,3.0,E,3,5.0,1.0,1.0,1.0,99.0,1.0,0.0,29.0,0.0,0.0,0.0,0.0,2.0,1.0,02B,293_6794,0.0,2.0,0.0,0.0,0.0,0.0,0.0,0.0,2.0,0.0,0.0,0.0,0.0,0.0,0.0,0.0,0.0,0.0,2.0,2.0,1.0,0.0,1.0,2019-07-26
1836755,1,185.0,8.0,18.0,2019.0,1.0,9.0,14.0,0.0,0.0,2.0,1.0,26.0,1.0,0.0,0.0,002600100S00,45.0,38.0,19.8,-121.0,30.0,50.36,0.0,0.0,96.56,3.0,0.0,1.0,0.0,0.0,2.0,3.0,D,3,4.0,1.0,1.0,1.0,99.0,1.0,1.0,27.0,0.0,0.0,0.0,0.0,5.0,1.0,02C,293_10891,0.0,2.0,0.0,0.0,0.0,1.0,1.0,0.0,1.0,0.0,0.0,0.0,0.0,0.0,0.0,0.0,0.0,0.0,2.0,2.0,2.0,0.0,0.0,2019-08-18
1836788,1,1278.0,4.0,21.0,2019.0,1.0,17.0,3.0,185.0,68.0,14.0,1.0,26.0,1.0,0.0,0.0,002600100S00,45.0,24.0,2.36,-122.0,16.0,44.32,0.0,8.0,23.4,3.0,0.0,0.0,0.0,0.0,4.0,6.0,C,3,5.0,1.0,1.0,1.0,99.0,1.0,0.0,29.0,0.0,0.0,0.0,0.0,4.0,1.0,02C,293_15037,0.0,2.0,0.0,0.0,0.0,0.0,0.0,0.0,2.0,0.0,0.0,0.0,0.0,0.0,0.0,0.0,0.0,0.0,2.0,2.0,0.0,0.0,2.0,2019-04-21
1836814,1,196.0,8.0,28.0,2019.0,4.0,15.0,14.0,0.0,0.0,2.0,1.0,26.0,1.0,0.0,0.0,002600100S00,45.0,37.0,30.13,-121.0,31.0,31.57,0.0,9.0,95.25,1.0,1.0,0.0,0.0,0.0,0.0,1.0,H,6,4.0,1.0,1.0,1.0,99.0,1.0,2.0,8.0,0.0,0.0,0.0,0.0,5.0,1.0,02C,293_733,0.0,2.0,0.0,0.0,0.0,1.0,1.0,0.0,2.0,0.0,0.0,0.0,0.0,0.0,0.0,0.0,0.0,0.0,3.0,3.0,3.0,0.0,0.0,2019-08-28
1836948,1,229.0,10.0,16.0,2019.0,4.0,7.0,14.0,0.0,0.0,2.0,1.0,26.0,1.0,0.0,0.0,002600100S00,45.0,34.0,26.46,-121.0,33.0,18.14,0.0,0.0,90.86,3.0,0.0,0.0,0.0,0.0,3.0,4.0,C,3,4.0,1.0,1.0,1.0,99.0,1.0,5.0,29.0,0.0,0.0,0.0,0.0,5.0,1.0,02C,293_1265,0.0,2.0,0.0,0.0,2.0,0.0,2.0,0.0,1.0,0.0,0.0,0.0,0.0,0.0,0.0,0.0,0.0,0.0,3.0,3.0,2.0,0.0,1.0,2019-10-16
1837049,1,1147.0,4.0,6.0,2019.0,7.0,23.0,3.0,0.0,0.0,2.0,1.0,26.0,1.0,0.0,0.0,002600100S00,45.0,22.0,55.52,-122.0,13.0,44.96,0.0,0.0,26.5,3.0,1.0,0.0,0.0,0.0,4.0,8.0,8,9,4.0,3.0,2.0,3.0,99.0,1.0,1.0,33.0,1.0,0.0,1.0,0.0,5.0,1.0,02C,293_9597,0.0,1.0,0.0,0.0,1.0,0.0,1.0,0.0,0.0,0.0,0.0,0.0,0.0,0.0,0.0,0.0,0.0,0.0,1.0,1.0,1.0,0.0,0.0,2019-04-06
1837085,1,1155.0,4.0,9.0,2019.0,3.0,15.0,3.0,185.0,68.0,14.0,1.0,26.0,1.0,0.0,0.0,002600100S00,45.0,24.0,17.19,-122.0,17.0,26.69,0.0,4.0,22.74,1.0,0.0,0.0,0.0,0.0,0.0,6.0,E,3,4.0,1.0,1.0,1.0,1.0,1.0,3.0,32.0,0.0,0.0,0.0,0.0,4.0,1.0,02C,293_8495,0.0,2.0,0.0,0.0,0.0,1.0,1.0,0.0,2.0,0.0,0.0,0.0,0.0,0.0,0.0,0.0,0.0,0.0,3.0,3.0,3.0,0.0,0.0,2019-04-09
1837128,1,1167.0,4.0,9.0,2019.0,3.0,5.0,3.0,185.0,68.0,14.0,1.0,26.0,1.0,1.0,0.0,002600100S00,45.0,23.0,50.96,-122.0,16.0,13.57,0.0,9.0,23.87,1.0,0.0,0.0,0.0,0.0,0.0,3.0,B,1,4.0,3.0,2.0,2.0,1.0,1.0,3.0,4.0,0.0,0.0,1.0,0.0,4.0,1.0,02C,293_16428,0.0,2.0,0.0,0.0,0.0,2.0,2.0,0.0,0.0,0.0,0.0,0.0,0.0,0.0,0.0,0.0,0.0,0.0,2.0,2.0,2.0,0.0,0.0,2019-04-09
1837131,1,725.0,2.0,8.0,2019.0,6.0,8.0,3.0,0.0,0.0,2.0,1.0,26.0,1.0,0.0,0.0,002600100S00,45.0,18.0,17.35,-121.0,47.0,13.8,0.0,0.0,52.0,3.0,1.0,0.0,0.0,0.0,3.0,7.0,8,9,5.0,6.0,4.0,1.0,0.0,1.0,0.0,10.0,0.0,0.0,0.0,0.0,5.0,1.0,02C,293_20910,0.0,1.0,0.0,0.0,0.0,0.0,0.0,0.0,1.0,0.0,0.0,0.0,0.0,0.0,0.0,0.0,0.0,0.0,1.0,1.0,0.0,0.0,1.0,2019-02-08
1837205,1,366.0,1.0,31.0,2019.0,5.0,17.0,3.0,185.0,68.0,14.0,1.0,26.0,1.0,0.0,0.0,002600100S00,45.0,24.0,11.29,-122.0,17.0,10.01,0.0,8.0,22.99,3.0,0.0,0.0,0.0,0.0,4.0,4.0,E,3,4.0,1.0,1.0,5.0,0.0,1.0,0.0,29.0,0.0,0.0,0.0,0.0,4.0,1.0,02C,293_15036,0.0,3.0,0.0,0.0,0.0,1.0,1.0,0.0,2.0,0.0,0.0,0.0,0.0,0.0,0.0,0.0,0.0,0.0,3.0,3.0,2.0,0.0,1.0,2019-01-31
1837283,1,6810.0,7.0,27.0,2019.0,7.0,17.0,26.0,245.0,57.0,14.0,1.0,26.0,1.0,0.0,0.0,002600100S00,45.0,29.0,50.16,-122.0,33.0,52.83,0.0,7.0,5.77,1.0,0.0,0.0,0.0,0.0,0.0,6.0,E,3,5.0,1.0,1.0,1.0,1.0,1.0,0.0,29.0,0.0,0.0,0.0,0.0,2.0,1.0,02B,293_25907,0.0,2.0,0.0,0.0,0.0,0.0,0.0,0.0,2.0,0.0,0.0,0.0,0.0,0.0,0.0,0.0,0.0,0.0,2.0,2.0,1.0,0.0,1.0,2019-07-27
1837334,1,1092.0,1.0,20.0,2019.0,1.0,20.0,3.0,0.0,0.0,2.0,1.0,26.0,1.0,0.0,0.0,002600100S00,45.0,19.0,34.36,-121.0,54.0,29.03,0.0,0.0,44.37,4.0,0.0,0.0,0.0,0.0,4.0,3.0,C,5,4.0,6.0,3.0,3.0,0.0,1.0,0.0,2.0,0.0,0.0,0.0,0.0,5.0,1.0,02C,293_9170,0.0,2.0,0.0,0.0,0.0,3.0,3.0,0.0,3.0,0.0,0.0,0.0,0.0,0.0,0.0,0.0,0.0,0.0,6.0,6.0,6.0,0.0,0.0,2019-01-20
1837497,1,414.0,2.0,3.0,2019.0,1.0,10.0,3.0,0.0,0.0,2.0,1.0,26.0,1.0,0.0,0.0,002600100S00,45.0,18.0,3.83,-121.0,44.0,9.59,0.0,0.0,54.48,5.0,0.0,0.0,0.0,0.0,2.0,4.0,G,4,4.0,6.0,3.0,1.0,0.0,1.0,1.0,1.0,0.0,0.0,1.0,0.0,5.0,1.0,02C,293_1273,0.0,2.0,0.0,0.0,1.0,0.0,1.0,0.0,2.0,0.0,0.0,0.0,0.0,0.0,0.0,0.0,0.0,0.0,3.0,3.0,3.0,0.0,0.0,2019-02-03
1837551,1,429.0,2.0,4.0,2019.0,2.0,8.0,3.0,0.0,0.0,2.0,1.0,26.0,1.0,0.0,0.0,002600100S00,45.0,21.0,59.22,-122.0,9.0,24.84,0.0,0.0,30.34,5.0,1.0,0.0,0.0,0.0,4.0,8.0,8,9,4.0,2.0,4.0,1.0,0.0,1.0,1.0,1.0,0.0,0.0,1.0,0.0,5.0,1.0,02C,293_13406,0.0,1.0,0.0,0.0,1.0,0.0,1.0,0.0,0.0,0.0,0.0,0.0,0.0,0.0,0.0,0.0,0.0,0.0,1.0,1.0,1.0,0.0,0.0,2019-02-04
1837808,1,491.0,2.0,9.0,2019.0,7.0,9.0,3.0,0.0,0.0,2.0,1.0,26.0,1.0,0.0,0.0,002600100S00,45.0,18.0,10.65,-121.0,46.0,36.69,0.0,0.0,52.53,2.0,0.0,0.0,0.0,0.0,3.0,2.0,D,6,4.0,0.0,4.0,1.0,0.0,1.0,0.0,8.0,0.0,0.0,0.0,0.0,5.0,1.0,02C,293_20910,0.0,2.0,0.0,0.0,0.0,1.0,1.0,0.0,3.0,0.0,0.0,0.0,0.0,0.0,0.0,0.0,0.0,0.0,4.0,4.0,4.0,0.0,0.0,2019-02-09
1837834,1,506.0,2.0,9.0,2019.0,7.0,16.0,3.0,0.0,57.0,14.0,1.0,26.0,2.0,0.0,0.0,002600200S00,45.0,27.0,30.08,-122.0,22.0,46.94,0.0,0.0,17.03,3.0,0.0,0.0,0.0,0.0,4.0,3.0,C,5,4.0,1.0,3.0,1.0,0.0,1.0,1.0,1.0,0.0,0.0,1.0,0.0,8.0,1.0,02C,293_6882,0.0,2.0,0.0,0.0,0.0,1.0,1.0,0.0,1.0,0.0,0.0,0.0,0.0,0.0,0.0,0.0,0.0,0.0,2.0,2.0,2.0,0.0,0.0,2019-02-09
1838047,1,536.0,2.0,15.0,2019.0,6.0,21.0,3.0,0.0,57.0,14.0,1.0,26.0,1.0,0.0,0.0,002600100S00,45.0,26.0,22.82,-122.0,21.0,13.84,0.0,0.0,18.85,3.0,0.0,0.0,0.0,0.0,4.0,3.0,C,5,4.0,3.0,2.0,3.0,0.0,1.0,1.0,16.0,1.0,0.0,0.0,0.0,8.0,1.0,02C,293_6834,0.0,2.0,0.0,0.0,1.0,0.0,1.0,0.0,1.0,0.0,0.0,0.0,0.0,0.0,0.0,0.0,0.0,0.0,2.0,2.0,2.0,0.0,0.0,2019-02-15
1838362,1,607.0,2.0,20.0,2019.0,4.0,16.0,3.0,0.0,0.0,2.0,1.0,26.0,1.0,0.0,0.0,002600100S00,45.0,18.0,21.12,-121.0,47.0,23.3,0.0,0.0,51.85,3.0,0.0,0.0,0.0,0.0,6.0,5.0,G,4,4.0,1.0,4.0,1.0,0.0,1.0,1.0,5.0,0.0,0.0,0.0,0.0,5.0,1.0,02C,293_20910,0.0,3.0,0.0,0.0,1.0,0.0,1.0,0.0,2.0,0.0,0.0,0.0,0.0,0.0,0.0,0.0,0.0,0.0,3.0,3.0,3.0,0.0,0.0,2019-02-20
1838375,1,2946.0,4.0,7.0,2019.0,1.0,17.0,26.0,245.0,57.0,14.0,1.0,26.0,1.0,0.0,0.0,002600100S00,45.0,29.0,56.76,-122.0,30.0,59.1,0.0,9.0,8.26,1.0,0.0,0.0,0.0,0.0,0.0,1.0,B,6,4.0,3.0,2.0,1.0,4.0,1.0,5.0,2.0,0.0,0.0,0.0,0.0,2.0,1.0,02B,293_16247,0.0,2.0,0.0,0.0,0.0,1.0,1.0,0.0,2.0,0.0,0.0,0.0,0.0,0.0,0.0,0.0,0.0,0.0,3.0,3.0,2.0,0.0,1.0,2019-04-07
1838403,1,624.0,2.0,21.0,2019.0,5.0,11.0,3.0,0.0,0.0,2.0,1.0,26.0,1.0,0.0,0.0,002600100S00,45.0,18.0,36.08,-121.0,50.0,6.29,0.0,0.0,48.79,5.0,1.0,0.0,0.0,0.0,3.0,7.0,8,9,4.0,1.0,4.0,1.0,0.0,1.0,1.0,1.0,0.0,0.0,1.0,0.0,5.0,1.0,02C,293_18879,0.0,1.0,0.0,0.0,1.0,0.0,1.0,0.0,0.0,0.0,0.0,0.0,0.0,0.0,0.0,0.0,0.0,0.0,1.0,1.0,1.0,0.0,0.0,2019-02-21
1838434,1,636.0,2.0,22.0,2019.0,6.0,18.0,3.0,0.0,0.0,2.0,1.0,26.0,1.0,0.0,0.0,002600100S00,45.0,20.0,52.82,-121.0,57.0,46.2,0.0,0.0,40.57,3.0,0.0,0.0,0.0,0.0,4.0,4.0,G,4,4.0,6.0,3.0,2.0,0.0,1.0,1.0,5.0,1.0,0.0,0.0,0.0,5.0,1.0,02C,293_23121,0.0,3.0,0.0,0.0,0.0,1.0,1.0,0.0,2.0,0.0,0.0,0.0,0.0,0.0,0.0,0.0,0.0,0.0,3.0,3.0,3.0,0.0,0.0,2019-02-22
1838471,1,644.0,2.0,22.0,2019.0,6.0,16.0,3.0,0.0,0.0,2.0,1.0,26.0,1.0,0.0,0.0,002600100S00,45.0,18.0,2.92,-121.0,44.0,6.93,0.0,0.0,54.52,5.0,1.0,0.0,0.0,0.0,2.0,1.0,8,9,4.0,6.0,4.0,5.0,0.0,1.0,1.0,1.0,0.0,0.0,1.0,0.0,5.0,1.0,02C,293_1273,0.0,1.0,0.0,0.0,0.0,1.0,1.0,0.0,0.0,0.0,0.0,0.0,0.0,0.0,0.0,0.0,0.0,0.0,1.0,1.0,1.0,0.0,0.0,2019-02-22
1838549,1,658.0,2.0,18.0,2019.0,2.0,17.0,3.0,0.0,0.0,2.0,1.0,26.0,1.0,0.0,0.0,002600100S00,45.0,22.0,14.57,-122.0,10.0,39.88,0.0,9.0,29.24,1.0,0.0,0.0,0.0,0.0,0.0,4.0,B,6,4.0,1.0,1.0,1.0,0.0,1.0,1.0,2.0,0.0,0.0,0.0,0.0,5.0,1.0,02C,293_9312,0.0,2.0,0.0,0.0,4.0,0.0,4.0,0.0,2.0,0.0,0.0,0.0,0.0,0.0,0.0,0.0,0.0,0.0,6.0,6.0,6.0,0.0,0.0,2019-02-18
1838681,1,684.0,2.0,27.0,2019.0,4.0,15.0,3.0,185.0,68.0,14.0,1.0,26.0,2.0,1.0,0.0,002600200S00,45.0,23.0,50.22,-122.0,15.0,34.27,0.0,3.0,24.39,3.0,0.0,0.0,0.0,0.0,2.0,4.0,E,3,4.0,1.0,1.0,1.0,0.0,1.0,0.0,29.0,0.0,0.0,0.0,0.0,4.0,1.0,02C,293_6258,0.0,2.0,0.0,0.0,0.0,1.0,1.0,0.0,1.0,0.0,0.0,0.0,0.0,0.0,0.0,0.0,0.0,0.0,2.0,2.0,1.0,0.0,1.0,2019-02-27
1839606,1,10326.0,11.0,5.0,2019.0,3.0,9.0,26.0,83.0,57.0,14.0,1.0,26.0,1.0,0.0,0.0,002600100S00,45.0,29.0,12.14,-122.0,23.0,58.69,0.0,7.0,14.75,1.0,0.0,0.0,0.0,0.0,0.0,6.0,E,3,4.0,5.0,2.0,1.0,1.0,1.0,3.0,27.0,0.0,0.0,0.0,0.0,4.0,1.0,02C,293_764,0.0,2.0,0.0,0.0,1.0,1.0,2.0,1.0,1.0,0.0,0.0,0.0,0.0,0.0,0.0,0.0,0.0,0.0,3.0,3.0,3.0,0.0,0.0,2019-11-05
1839856,1,10770.0,11.0,18.0,2019.0,2.0,17.0,26.0,247.0,57.0,16.0,0.0,26.0,2.0,0.0,0.0,002600200S00,45.0,30.0,1.95,-122.0,40.0,28.25,0.0,8.0,0.29,3.0,0.0,0.0,0.0,0.0,2.0,3.0,E,3,4.0,3.0,2.0,5.0,15.0,1.0,0.0,29.0,0.0,0.0,0.0,0.0,2.0,1.0,02B,293_22183,0.0,2.0,0.0,0.0,0.0,2.0,2.0,0.0,3.0,0.0,0.0,0.0,0.0,0.0,0.0,0.0,0.0,0.0,5.0,5.0,4.0,1.0,0.0,2019-11-18
1840093,1,809.0,3.0,6.0,2019.0,4.0,10.0,3.0,185.0,68.0,14.0,1.0,26.0,2.0,1.0,0.0,002600200S00,45.0,23.0,50.21,-122.0,15.0,34.99,0.0,3.0,24.38,1.0,0.0,0.0,0.0,0.0,0.0,6.0,E,3,4.0,6.0,2.0,1.0,1.0,1.0,3.0,7.0,0.0,0.0,0.0,1.0,4.0,1.0,02C,293_10934,0.0,2.0,0.0,0.0,0.0,2.0,2.0,0.0,2.0,0.0,0.0,0.0,0.0,0.0,0.0,0.0,0.0,0.0,4.0,4.0,4.0,0.0,0.0,2019-03-06
1840135,1,2717.0,3.0,31.0,2019.0,1.0,3.0,26.0,245.0,57.0,14.0,1.0,26.0,1.0,0.0,0.0,002600100S00,45.0,29.0,50.43,-122.0,37.0,21.37,0.0,9.0,2.91,1.0,0.0,0.0,0.0,0.0,0.0,2.0,6,1,4.0,1.0,1.0,2.0,1.0,1.0,3.0,4.0,0.0,0.0,0.0,0.0,2.0,1.0,02B,293_19721,0.0,1.0,0.0,0.0,0.0,1.0,1.0,0.0,1.0,0.0,0.0,0.0,1.0,0.0,1.0,0.0,0.0,0.0,1.0,2.0,0.0,0.0,2.0,2019-03-31
1840155,1,2718.0,3.0,31.0,2019.0,1.0,12.0,26.0,245.0,57.0,14.0,1.0,26.0,1.0,0.0,0.0,002600100S00,45.0,29.0,34.53,-122.0,29.0,15.65,0.0,4.0,9.73,2.0,0.0,0.0,0.0,0.0,3.0,3.0,H,6,4.0,1.0,1.0,1.0,90.0,1.0,3.0,2.0,0.0,0.0,0.0,0.0,2.0,1.0,02B,293_19397,0.0,3.0,0.0,0.0,1.0,1.0,2.0,0.0,1.0,0.0,0.0,0.0,0.0,0.0,0.0,0.0,0.0,0.0,3.0,3.0,2.0,0.0,1.0,2019-03-31
1840221,1,1624.0,2.0,23.0,2019.0,7.0,17.0,26.0,245.0,57.0,14.0,1.0,26.0,1.0,0.0,0.0,002600100S00,45.0,29.0,52.97,-122.0,30.0,38.3,0.0,4.0,8.55,1.0,0.0,0.0,0.0,0.0,0.0,6.0,E,3,4.0,3.0,2.0,1.0,1.0,1.0,0.0,29.0,0.0,0.0,0.0,0.0,2.0,1.0,02B,293_18831,0.0,3.0,0.0,0.0,0.0,1.0,1.0,0.0,6.0,0.0,0.0,0.0,0.0,0.0,0.0,0.0,0.0,0.0,7.0,7.0,6.0,0.0,1.0,2019-02-23
1840265,1,855.0,3.0,12.0,2019.0,3.0,10.0,3.0,185.0,68.0,14.0,1.0,26.0,1.0,0.0,0.0,002600100S00,45.0,24.0,32.22,-122.0,18.0,6.32,0.0,9.0,22.15,1.0,0.0,0.0,0.0,0.0,0.0,4.0,B,1,4.0,1.0,0.0,1.0,1.0,1.0,5.0,4.0,0.0,0.0,0.0,0.0,4.0,1.0,02C,293_6837,0.0,3.0,0.0,0.0,0.0,1.0,1.0,0.0,2.0,0.0,0.0,0.0,0.0,0.0,0.0,0.0,0.0,0.0,3.0,3.0,0.0,0.0,3.0,2019-03-12
1840295,1,1643.0,2.0,24.0,2019.0,1.0,13.0,26.0,245.0,57.0,14.0,1.0,26.0,1.0,0.0,0.0,002600100S00,45.0,29.0,51.17,-122.0,37.0,6.68,0.0,3.0,3.11,1.0,0.0,0.0,0.0,0.0,0.0,6.0,E,3,4.0,0.0,0.0,1.0,1.0,1.0,0.0,1.0,0.0,0.0,1.0,0.0,2.0,1.0,02B,293_20034,0.0,2.0,0.0,0.0,1.0,0.0,1.0,0.0,2.0,0.0,0.0,0.0,0.0,0.0,0.0,0.0,0.0,0.0,3.0,3.0,0.0,0.0,3.0,2019-02-24
1840424,1,1690.0,2.0,26.0,2019.0,3.0,10.0,26.0,245.0,57.0,14.0,1.0,26.0,1.0,0.0,0.0,002600100S00,45.0,29.0,50.57,-122.0,34.0,6.56,0.0,9.0,5.59,1.0,0.0,0.0,0.0,0.0,0.0,1.0,B,1,4.0,1.0,1.0,1.0,1.0,1.0,5.0,4.0,0.0,0.0,0.0,0.0,2.0,1.0,02B,293_10834,0.0,3.0,0.0,0.0,0.0,1.0,1.0,0.0,2.0,0.0,0.0,0.0,0.0,0.0,0.0,0.0,0.0,0.0,3.0,3.0,3.0,0.0,0.0,2019-02-26
1840563,1,1748.0,2.0,28.0,2019.0,5.0,18.0,26.0,245.0,57.0,14.0,1.0,26.0,1.0,0.0,0.0,002600100S00,45.0,29.0,47.66,-122.0,32.0,52.72,0.0,9.0,6.71,1.0,0.0,0.0,0.0,0.0,0.0,3.0,B,6,4.0,1.0,1.0,2.0,1.0,1.0,5.0,4.0,0.0,0.0,0.0,0.0,2.0,1.0,02B,293_13269,0.0,3.0,0.0,0.0,0.0,2.0,2.0,0.0,2.0,0.0,0.0,0.0,0.0,0.0,0.0,0.0,0.0,0.0,4.0,4.0,2.0,0.0,2.0,2019-02-28
1840583,1,310.0,1.0,12.0,2019.0,7.0,0.0,26.0,245.0,57.0,14.0,1.0,26.0,1.0,0.0,0.0,002600100S00,45.0,29.0,50.57,-122.0,34.0,6.56,0.0,9.0,5.59,1.0,0.0,0.0,0.0,0.0,0.0,2.0,H,6,4.0,2.0,1.0,2.0,1.0,1.0,3.0,2.0,0.0,0.0,0.0,1.0,2.0,1.0,02B,293_10834,0.0,2.0,0.0,0.0,0.0,1.0,1.0,0.0,1.0,0.0,0.0,0.0,0.0,0.0,0.0,0.0,0.0,0.0,2.0,2.0,0.0,0.0,2.0,2019-01-12
1840588,1,922.0,3.0,16.0,2019.0,7.0,15.0,3.0,185.0,68.0,14.0,1.0,26.0,1.0,0.0,0.0,002600100S00,45.0,23.0,59.99,-122.0,16.0,37.63,0.0,4.0,23.47,2.0,0.0,0.0,0.0,0.0,4.0,5.0,B,6,4.0,2.0,1.0,1.0,90.0,1.0,3.0,2.0,0.0,0.0,0.0,0.0,4.0,1.0,02C,293_15038,0.0,2.0,0.0,0.0,0.0,2.0,2.0,0.0,3.0,0.0,0.0,0.0,0.0,0.0,0.0,0.0,0.0,0.0,5.0,5.0,5.0,0.0,0.0,2019-03-16
1840610,1,1767.0,2.0,28.0,2019.0,5.0,9.0,26.0,245.0,57.0,14.0,1.0,26.0,1.0,0.0,0.0,002600100S00,45.0,29.0,50.78,-122.0,35.0,20.82,0.0,9.0,4.54,1.0,0.0,0.0,0.0,0.0,0.0,4.0,B,6,4.0,1.0,1.0,1.0,1.0,1.0,5.0,4.0,0.0,0.0,0.0,0.0,2.0,1.0,02B,293_19988,0.0,2.0,0.0,0.0,1.0,0.0,1.0,0.0,1.0,0.0,0.0,0.0,0.0,0.0,0.0,0.0,0.0,0.0,2.0,2.0,1.0,0.0,1.0,2019-02-28
1840614,1,2061.0,2.0,26.0,2019.0,3.0,18.0,26.0,245.0,57.0,14.0,1.0,26.0,1.0,0.0,0.0,002600100S00,45.0,29.0,48.63,-122.0,37.0,45.53,0.0,7.0,2.58,1.0,0.0,0.0,0.0,0.0,0.0,6.0,E,3,4.0,1.0,1.0,2.0,4.0,1.0,0.0,7.0,0.0,0.0,0.0,0.0,2.0,1.0,02B,293_15986,0.0,2.0,0.0,0.0,0.0,1.0,1.0,0.0,2.0,0.0,0.0,0.0,0.0,0.0,0.0,0.0,0.0,0.0,3.0,3.0,3.0,0.0,0.0,2019-02-26
1840664,1,316.0,1.0,12.0,2019.0,7.0,12.0,26.0,245.0,57.0,14.0,1.0,26.0,1.0,0.0,0.0,002600100S00,45.0,29.0,48.29,-122.0,32.0,43.49,0.0,9.0,6.83,1.0,0.0,0.0,0.0,0.0,0.0,1.0,B,1,4.0,1.0,1.0,1.0,4.0,1.0,5.0,2.0,0.0,0.0,0.0,0.0,2.0,1.0,02B,293_13269,0.0,2.0,0.0,0.0,0.0,1.0,1.0,0.0,1.0,0.0,0.0,0.0,0.0,0.0,0.0,0.0,0.0,0.0,2.0,2.0,1.0,0.0,1.0,2019-01-12