Crash ID,Record Type,Serial #,Crash Month,Crash Day,Crash Year,Week Day Code,Crash Hour,County Code,City Section ID,Urban Area Code,Functional Class Code,NHS Flag,Highway Number,Roadway Number,Highway Component,Mileage Type,Linear Reference System (LRS),Latitude Degrees,Latitude Minutes,Latitude Seconds,Longitude Degrees,Longitude Minutes,Longitude Seconds,Latitude (Decimal Degrees),Intersection Sequence Number,Distance from Intersection,Milepoint,Posted Speed Limit,Off Roadway Flag,Intersection Type,Intersection Related Flag,Roundabout Flag,Number of Turning Legs,Median Type,Impact Location,Crash Type,Collision Type,Crash Severity,Weather Condition,Road Surface Condition,Light Condition,Traffic Control Device (TCD),Crash Level Event 2 Code,School Zone Indicator,Work Zone Indicator,Secondary Crash Indicator,Alcohol-Involved Flag,Crash Marijuana Involved Flag,Population Range Code,Road Control,Route Type,Region ID,District ID,Segment Marker ID,Segment Point LRS Measure,Unlocatable Flag,Total Vehicle Count,Total Fatality Count,Total Suspected Serious Injury (A) Count,Total Suspected Minor Injury (B) Count,Total Possible Injury (C) Count,Total Non-Fatal Injury Count,Total Un-Injured  Children Age 00-04,Total Un-Injured Persons,Total Pedestrian Count,Total Pedestrian Fatality Count,Total Pedestrian Non-Fatal Injury Count,Total Pedalcyclist Count,Total Pedalcyclist Fatality Count,Total Pedalcyclist Non-Fatal Injury Count,Total Unknown Non-Motorist Count,Total Unknown Non-Motorist Fatality Count,Total Unknown Non-Motorist Injury Count,Total Vehicle Occupant Count,date
1843445,1,4921.0,6.0,5.0,2019.0,4.0,12.0,26.0,247.0,57.0,16.0,0.0,26.0,1.0,0.0,0.0,002600100S00,45.0,30.0,3.48,-122.0,40.0,40.72,0.0,6.0,0.06,5.0,0.0,0.0,0.0,0.0,2.0,3.0,E,3,4.0,1.0,1.0,1.0,15.0,1.0,0.0,29.0,0.0,0.0,0.0,0.0,2.0,1.0,02B,293_10162,0.0,2.0,0.0,0.0,0.0,2.0,2.0,0.0,2.0,0.0,0.0,0.0,0.0,0.0,0.0,0.0,0.0,0.0,4.0,4.0,3.0,0.0,1.0,2019-06-05
1843562,1,4952.0,6.0,6.0,2019.0,5.0,17.0,26.0,245.0,57.0,14.0,1.0,26.0,1.0,0.0,0.0,002600100S00,45.0,29.0,50.74,-122.0,35.0,9.05,0.0,2.0,4.69,1.0,0.0,0.0,0.0,0.0,0.0,6.0,E,3,4.0,1.0,1.0,1.0,4.0,1.0,0.0,7.0,0.0,0.0,0.0,0.0,2.0,1.0,02B,293_20778,0.0,3.0,0.0,0.0,0.0,1.0,1.0,0.0,2.0,0.0,0.0,0.0,0.0,0.0,0.0,0.0,0.0,0.0,3.0,3.0,1.0,0.0,2.0,2019-06-06
1843658,1,1629.0,5.0,18.0,2019.0,7.0,8.0,3.0,185.0,68.0,14.0,1.0,26.0,2.0,1.0,0.0,002600200S00,45.0,23.0,50.04,-122.0,15.0,25.28,0.0,4.0,24.53,2.0,0.0,0.0,0.0,0.0,2.0,5.0,B,6,4.0,1.0,1.0,1.0,0.0,1.0,3.0,27.0,0.0,0.0,0.0,0.0,4.0,1.0,02C,293_9640,0.0,2.0,0.0,0.0,0.0,1.0,1.0,0.0,1.0,0.0,0.0,0.0,0.0,0.0,0.0,0.0,0.0,0.0,2.0,2.0,2.0,0.0,0.0,2019-05-18
1843709,1,4990.0,6.0,7.0,2019.0,6.0,16.0,26.0,247.0,57.0,16.0,0.0,26.0,2.0,0.0,0.0,002600200S00,45.0,30.0,10.97,-122.0,40.0,35.99,0.0,9.0,0.09,1.0,0.0,0.0,0.0,0.0,0.0,2.0,H,6,4.0,1.0,1.0,1.0,4.0,1.0,5.0,2.0,0.0,0.0,0.0,0.0,2.0,1.0,02B,293_6878,0.0,2.0,0.0,0.0,0.0,1.0,1.0,0.0,1.0,0.0,0.0,0.0,0.0,0.0,0.0,0.0,0.0,0.0,2.0,2.0,2.0,0.0,0.0,2019-06-07
1843746,1,5002.0,6.0,7.0,2019.0,6.0,15.0,26.0,245.0,57.0,14.0,1.0,26.0,1.0,0.0,0.0,002600100S00,45.0,29.0,47.66,-122.0,32.0,52.72,0.0,9.0,6.71,1.0,0.0,0.0,0.0,0.0,0.0,1.0,B,6,4.0,2.0,1.0,1.0,1.0,1.0,5.0,4.0,0.0,0.0,0.0,0.0,2.0,1.0,02B,293_13269,0.0,2.0,0.0,0.0,1.0,1.0,2.0,0.0,1.0,0.0,0.0,0.0,0.0,0.0,0.0,0.0,0.0,0.0,3.0,3.0,2.0,0.0,1.0,2019-06-07
1843752,1,5003.0,6.0,7.0,2019.0,6.0,16.0,26.0,245.0,57.0,14.0,1.0,26.0,1.0,0.0,0.0,002600100S00,45.0,29.0,50.8,-122.0,37.0,14.73,0.0,9.0,3.0,1.0,0.0,0.0,0.0,1.0,0.0,2.0,H,6,4.0,1.0,1.0,1.0,4.0,1.0,5.0,2.0,0.0,0.0,0.0,0.0,2.0,1.0,02B,293_19721,0.0,3.0,0.0,0.0,0.0,2.0,2.0,0.0,2.0,0.0,0.0,0.0,0.0,0.0,0.0,0.0,0.0,0.0,4.0,4.0,3.0,0.0,1.0,2019-06-07
1843763,1,174.0,8.0,4.0,2019.0,1.0,13.0,14.0,0.0,0.0,2.0,1.0,26.0,1.0,0.0,0.0,002600100S00,45.0,22.0,25.31,-121.0,34.0,0.28,0.0,0.0,70.64,3.0,0.0,1.0,0.0,0.0,2.0,3.0,C,3,4.0,1.0,1.0,1.0,99.0,1.0,1.0,7.0,0.0,0.0,0.0,0.0,5.0,1.0,02C,293_1269,0.0,3.0,0.0,1.0,2.0,0.0,3.0,0.0,0.0,0.0,0.0,0.0,0.0,0.0,0.0,0.0,0.0,0.0,3.0,3.0,3.0,0.0,0.0,2019-08-04
1843796,1,270.0,12.0,18.0,2019.0,4.0,5.0,14.0,0.0,0.0,2.0,1.0,26.0,1.0,0.0,0.0,002600100S00,45.0,39.0,1.43,-121.0,30.0,48.1,0.0,9.0,97.59,1.0,0.0,0.0,0.0,0.0,0.0,3.0,B,6,4.0,1.0,1.0,3.0,4.0,1.0,1.0,8.0,0.0,0.0,0.0,0.0,5.0,1.0,02C,293_10892,0.0,2.0,0.0,0.0,0.0,2.0,2.0,0.0,0.0,0.0,0.0,0.0,0.0,0.0,0.0,0.0,0.0,0.0,2.0,2.0,2.0,0.0,0.0,2019-12-18
1843814,1,275.0,12.0,19.0,2019.0,5.0,13.0,14.0,0.0,0.0,2.0,1.0,26.0,1.0,0.0,0.0,002600100S00,45.0,26.0,11.97,-121.0,34.0,33.5,0.0,0.0,75.21,7.0,1.0,0.0,0.0,0.0,2.0,6.0,8,9,4.0,4.0,3.0,1.0,99.0,1.0,2.0,1.0,0.0,0.0,1.0,0.0,5.0,1.0,02C,293_20203,0.0,1.0,0.0,0.0,0.0,1.0,1.0,0.0,1.0,0.0,0.0,0.0,0.0,0.0,0.0,0.0,0.0,0.0,2.0,2.0,2.0,0.0,0.0,2019-12-19
1843842,1,5035.0,6.0,8.0,2019.0,7.0,17.0,26.0,245.0,57.0,14.0,1.0,26.0,1.0,0.0,0.0,002600100S00,45.0,29.0,50.71,-122.0,35.0,6.15,0.0,7.0,4.73,3.0,0.0,0.0,0.0,0.0,4.0,3.0,E,3,4.0,1.0,1.0,1.0,99.0,1.0,3.0,13.0,0.0,0.0,0.0,0.0,2.0,1.0,02B,293_19723,0.0,2.0,0.0,0.0,0.0,3.0,3.0,0.0,1.0,0.0,0.0,0.0,0.0,0.0,0.0,0.0,0.0,0.0,4.0,4.0,4.0,0.0,0.0,2019-06-08
1843872,1,19.0,1.0,20.0,2019.0,1.0,14.0,14.0,0.0,0.0,2.0,1.0,26.0,1.0,0.0,0.0,002600100S00,45.0,18.0,16.39,-121.0,40.0,11.89,0.0,0.0,61.86,3.0,1.0,0.0,0.0,0.0,2.0,1.0,3,0,4.0,6.0,3.0,1.0,99.0,1.0,0.0,10.0,0.0,0.0,0.0,0.0,5.0,1.0,02C,293_9601,0.0,2.0,0.0,0.0,0.0,1.0,1.0,0.0,3.0,1.0,0.0,1.0,0.0,0.0,0.0,0.0,0.0,0.0,3.0,4.0,2.0,0.0,1.0,2019-01-20
1843940,1,80.0,3.0,16.0,2019.0,7.0,17.0,14.0,0.0,0.0,2.0,1.0,26.0,1.0,6.0,0.0,0026BQ100S00,45.0,18.0,41.21,-121.0,38.0,41.41,0.0,9.0,64.0,1.0,1.0,0.0,0.0,0.0,0.0,3.0,8,9,4.0,1.0,2.0,1.0,99.0,1.0,1.0,12.0,0.0,0.0,0.0,0.0,5.0,1.0,02C,293_25279,0.0,1.0,0.0,0.0,0.0,2.0,2.0,0.0,1.0,0.0,0.0,0.0,0.0,0.0,0.0,0.0,0.0,0.0,3.0,3.0,2.0,1.0,0.0,2019-03-16
1843953,1,222.0,10.0,11.0,2019.0,6.0,15.0,14.0,0.0,0.0,2.0,1.0,26.0,1.0,0.0,0.0,002600100S00,45.0,36.0,20.56,-121.0,32.0,9.92,0.0,0.0,93.44,7.0,0.0,0.0,0.0,0.0,3.0,3.0,C,3,4.0,1.0,1.0,1.0,0.0,1.0,2.0,29.0,0.0,0.0,0.0,0.0,5.0,1.0,02C,293_775,0.0,3.0,0.0,0.0,0.0,4.0,4.0,0.0,4.0,0.0,0.0,0.0,0.0,0.0,0.0,0.0,0.0,0.0,8.0,8.0,8.0,0.0,0.0,2019-10-11
1844151,1,5142.0,6.0,11.0,2019.0,3.0,9.0,26.0,245.0,57.0,14.0,1.0,26.0,1.0,0.0,0.0,002600100S00,45.0,29.0,47.66,-122.0,32.0,52.72,0.0,3.0,6.71,1.0,0.0,0.0,0.0,0.0,0.0,6.0,E,3,4.0,1.0,1.0,1.0,1.0,1.0,0.0,29.0,0.0,0.0,0.0,0.0,2.0,1.0,02B,293_13269,0.0,3.0,0.0,0.0,0.0,1.0,1.0,0.0,2.0,0.0,0.0,0.0,0.0,0.0,0.0,0.0,0.0,0.0,3.0,3.0,2.0,0.0,1.0,2019-06-11
1844301,1,5174.0,6.0,12.0,2019.0,4.0,14.0,26.0,245.0,57.0,14.0,1.0,26.0,1.0,0.0,0.0,002600100S00,45.0,29.0,50.9,-122.0,36.0,10.36,0.0,3.0,3.87,3.0,0.0,0.0,0.0,0.0,4.0,6.0,E,3,4.0,1.0,1.0,1.0,99.0,1.0,5.0,29.0,0.0,0.0,0.0,0.0,2.0,1.0,02B,293_15987,0.0,2.0,0.0,0.0,0.0,1.0,1.0,0.0,1.0,0.0,0.0,0.0,0.0,0.0,0.0,0.0,0.0,0.0,2.0,2.0,1.0,0.0,1.0,2019-06-12
1844339,1,1752.0,5.0,30.0,2019.0,5.0,18.0,3.0,185.0,68.0,14.0,1.0,26.0,1.0,0.0,0.0,002600100S00,45.0,24.0,3.95,-122.0,16.0,48.94,0.0,8.0,23.33,1.0,0.0,0.0,0.0,0.0,0.0,6.0,E,3,4.0,1.0,1.0,1.0,0.0,1.0,0.0,29.0,0.0,0.0,0.0,0.0,4.0,1.0,02C,293_15037,0.0,2.0,0.0,0.0,0.0,1.0,1.0,0.0,1.0,0.0,0.0,0.0,0.0,0.0,0.0,0.0,0.0,0.0,2.0,2.0,1.0,0.0,1.0,2019-05-30
1844458,1,1776.0,5.0,31.0,2019.0,6.0,15.0,3.0,185.0,68.0,14.0,1.0,26.0,2.0,1.0,0.0,002600200S00,45.0,23.0,50.26,-122.0,16.0,0.64,0.0,3.0,24.07,3.0,0.0,0.0,0.0,0.0,2.0,5.0,E,3,4.0,1.0,1.0,1.0,0.0,1.0,3.0,29.0,0.0,0.0,0.0,0.0,4.0,1.0,02C,293_8534,0.0,3.0,0.0,0.0,0.0,3.0,3.0,0.0,5.0,0.0,0.0,0.0,0.0,0.0,0.0,0.0,0.0,0.0,8.0,8.0,8.0,0.0,0.0,2019-05-31
1844484,1,1799.0,5.0,17.0,2019.0,6.0,5.0,3.0,0.0,0.0,2.0,1.0,26.0,1.0,0.0,0.0,002600100S00,45.0,21.0,29.35,-121.0,59.0,29.63,0.0,0.0,39.0,3.0,1.0,0.0,0.0,0.0,4.0,1.0,8,9,4.0,2.0,2.0,4.0,0.0,1.0,1.0,10.0,0.0,0.0,0.0,0.0,5.0,1.0,02C,293_13410,0.0,1.0,0.0,0.0,0.0,1.0,1.0,0.0,0.0,0.0,0.0,0.0,0.0,0.0,0.0,0.0,0.0,0.0,1.0,1.0,1.0,0.0,0.0,2019-05-17
1844488,1,1800.0,5.0,25.0,2019.0,7.0,23.0,3.0,0.0,57.0,14.0,1.0,26.0,1.0,6.0,0.0,0026AK100S00,45.0,25.0,57.63,-122.0,20.0,42.95,0.0,1.0,19.49,1.0,0.0,0.0,0.0,0.0,0.0,6.0,E,3,4.0,1.0,1.0,3.0,4.0,1.0,0.0,29.0,0.0,0.0,0.0,0.0,8.0,1.0,02C,293_6308,0.0,2.0,0.0,0.0,0.0,2.0,2.0,0.0,1.0,0.0,0.0,0.0,0.0,0.0,0.0,0.0,0.0,0.0,3.0,3.0,2.0,0.0,1.0,2019-05-25
1844762,1,5366.0,6.0,17.0,2019.0,2.0,17.0,26.0,245.0,57.0,14.0,1.0,26.0,1.0,0.0,0.0,002600100S00,45.0,29.0,32.31,-122.0,29.0,4.82,0.0,4.0,9.87,1.0,0.0,0.0,0.0,0.0,0.0,5.0,E,3,4.0,1.0,1.0,1.0,1.0,1.0,0.0,7.0,0.0,0.0,0.0,0.0,2.0,1.0,02B,293_16249,0.0,3.0,0.0,0.0,0.0,2.0,2.0,0.0,2.0,0.0,0.0,0.0,0.0,0.0,0.0,0.0,0.0,0.0,4.0,4.0,3.0,0.0,1.0,2019-06-17
1844813,1,5414.0,6.0,18.0,2019.0,3.0,14.0,26.0,245.0,57.0,14.0,1.0,26.0,1.0,0.0,0.0,002600100S00,45.0,29.0,41.06,-122.0,29.0,47.21,0.0,4.0,9.28,3.0,0.0,1.0,0.0,0.0,2.0,4.0,E,3,4.0,1.0,1.0,1.0,99.0,1.0,5.0,29.0,0.0,0.0,0.0,0.0,2.0,1.0,02B,293_17374,0.0,2.0,0.0,0.0,0.0,1.0,1.0,0.0,1.0,0.0,0.0,0.0,0.0,0.0,0.0,0.0,0.0,0.0,2.0,2.0,1.0,0.0,1.0,2019-06-18
1844857,1,897.0,1.0,31.0,2019.0,5.0,19.0,26.0,245.0,57.0,14.0,1.0,26.0,1.0,0.0,0.0,002600100S00,45.0,29.0,50.52,-122.0,31.0,47.95,0.0,7.0,7.58,1.0,0.0,0.0,0.0,0.0,0.0,6.0,E,3,4.0,1.0,1.0,2.0,99.0,1.0,5.0,29.0,0.0,0.0,0.0,0.0,2.0,1.0,02B,293_18794,0.0,3.0,0.0,0.0,0.0,4.0,4.0,0.0,1.0,0.0,0.0,0.0,0.0,0.0,0.0,0.0,0.0,0.0,5.0,5.0,5.0,0.0,0.0,2019-01-31
1844942,1,1855.0,6.0,5.0,2019.0,4.0,17.0,3.0,0.0,0.0,2.0,1.0,26.0,1.0,0.0,0.0,002600100S00,45.0,18.0,20.32,-121.0,47.0,21.49,0.0,0.0,51.88,5.0,1.0,0.0,0.0,0.0,3.0,7.0,8,9,4.0,2.0,2.0,1.0,0.0,1.0,1.0,1.0,0.0,0.0,1.0,0.0,5.0,1.0,02C,293_20910,0.0,1.0,0.0,0.0,1.0,2.0,3.0,0.0,0.0,0.0,0.0,0.0,0.0,0.0,0.0,0.0,0.0,0.0,3.0,3.0,3.0,0.0,0.0,2019-06-05
1844976,1,5429.0,6.0,18.0,2019.0,3.0,19.0,26.0,245.0,57.0,14.0,1.0,26.0,1.0,0.0,0.0,002600100S00,45.0,29.0,50.6,-122.0,33.0,59.51,0.0,3.0,5.69,1.0,0.0,0.0,0.0,0.0,0.0,6.0,C,5,4.0,1.0,1.0,1.0,1.0,1.0,5.0,13.0,0.0,0.0,0.0,0.0,2.0,1.0,02B,293_12196,0.0,2.0,0.0,0.0,0.0,2.0,2.0,0.0,0.0,0.0,0.0,0.0,0.0,0.0,0.0,0.0,0.0,0.0,2.0,2.0,2.0,0.0,0.0,2019-06-18
1845024,1,5464.0,6.0,19.0,2019.0,4.0,14.0,26.0,245.0,57.0,14.0,1.0,26.0,1.0,0.0,0.0,002600100S00,45.0,29.0,51.49,-122.0,30.0,32.33,0.0,4.0,8.64,1.0,0.0,0.0,0.0,0.0,0.0,6.0,E,3,4.0,1.0,1.0,1.0,4.0,1.0,0.0,29.0,0.0,0.0,0.0,0.0,2.0,1.0,02B,293_18831,0.0,2.0,0.0,0.0,0.0,1.0,1.0,0.0,1.0,0.0,0.0,0.0,0.0,0.0,0.0,0.0,0.0,0.0,2.0,2.0,1.0,0.0,1.0,2019-06-19
1845085,1,1877.0,6.0,7.0,2019.0,6.0,17.0,3.0,185.0,68.0,14.0,1.0,26.0,1.0,0.0,0.0,002600100S00,45.0,24.0,9.73,-122.0,17.0,5.66,0.0,8.0,23.08,1.0,0.0,0.0,0.0,0.0,0.0,6.0,E,3,4.0,3.0,2.0,1.0,1.0,1.0,3.0,27.0,0.0,0.0,0.0,0.0,4.0,1.0,02C,293_10837,0.0,3.0,0.0,0.0,0.0,2.0,2.0,0.0,1.0,0.0,0.0,0.0,0.0,0.0,0.0,0.0,0.0,0.0,3.0,3.0,3.0,0.0,0.0,2019-06-07
1845101,1,1882.0,6.0,7.0,2019.0,6.0,15.0,3.0,185.0,68.0,14.0,1.0,26.0,1.0,0.0,0.0,002600100S00,45.0,24.0,9.74,-122.0,17.0,5.64,0.0,9.0,23.08,1.0,0.0,0.0,0.0,1.0,0.0,2.0,B,6,4.0,3.0,2.0,1.0,1.0,1.0,3.0,4.0,0.0,0.0,0.0,0.0,4.0,1.0,02C,293_10837,0.0,2.0,0.0,0.0,0.0,1.0,1.0,0.0,1.0,0.0,0.0,0.0,0.0,0.0,0.0,0.0,0.0,0.0,2.0,2.0,2.0,0.0,0.0,2019-06-07
1845113,1,5490.0,6.0,20.0,2019.0,5.0,11.0,26.0,245.0,57.0,14.0,1.0,26.0,1.0,0.0,0.0,002600100S00,45.0,29.0,53.15,-122.0,31.0,19.62,0.0,8.0,7.97,2.0,0.0,0.0,0.0,0.0,2.0,4.0,B,6,4.0,1.0,1.0,1.0,99.0,1.0,5.0,2.0,0.0,0.0,0.0,0.0,2.0,1.0,02B,293_14853,0.0,2.0,0.0,0.0,1.0,1.0,2.0,0.0,0.0,0.0,0.0,0.0,0.0,0.0,0.0,0.0,0.0,0.0,2.0,2.0,1.0,0.0,1.0,2019-06-20
1845254,1,1907.0,6.0,9.0,2019.0,1.0,18.0,3.0,185.0,68.0,14.0,1.0,26.0,1.0,0.0,0.0,002600100S00,45.0,24.0,15.77,-122.0,17.0,22.67,0.0,4.0,22.8,3.0,0.0,0.0,0.0,0.0,4.0,5.0,E,3,4.0,1.0,1.0,1.0,0.0,1.0,2.0,7.0,0.0,0.0,0.0,0.0,4.0,1.0,02C,293_9564,0.0,2.0,0.0,0.0,0.0,1.0,1.0,0.0,3.0,0.0,0.0,0.0,0.0,0.0,0.0,0.0,0.0,0.0,4.0,4.0,3.0,1.0,0.0,2019-06-09
1845255,1,11238.0,12.0,1.0,2019.0,1.0,17.0,26.0,245.0,57.0,14.0,1.0,26.0,1.0,0.0,0.0,002600100S00,45.0,29.0,48.35,-122.0,32.0,42.8,0.0,3.0,6.84,3.0,0.0,0.0,0.0,0.0,2.0,4.0,E,3,4.0,1.0,1.0,2.0,99.0,1.0,0.0,29.0,0.0,0.0,0.0,0.0,2.0,1.0,02B,293_14852,0.0,2.0,0.0,0.0,0.0,1.0,1.0,0.0,2.0,0.0,0.0,0.0,0.0,0.0,0.0,0.0,0.0,0.0,3.0,3.0,0.0,2.0,1.0,2019-12-01
1845302,1,1837.0,3.0,2.0,2019.0,7.0,22.0,26.0,245.0,57.0,14.0,1.0,26.0,1.0,0.0,0.0,002600100S00,45.0,29.0,50.57,-122.0,34.0,6.56,0.0,7.0,5.59,1.0,0.0,0.0,0.0,0.0,0.0,6.0,E,3,4.0,1.0,1.0,2.0,1.0,1.0,5.0,29.0,0.0,0.0,0.0,0.0,2.0,1.0,02B,293_10834,0.0,3.0,0.0,0.0,0.0,1.0,1.0,0.0,2.0,0.0,0.0,0.0,0.0,0.0,0.0,0.0,0.0,0.0,3.0,3.0,1.0,0.0,2.0,2019-03-02
1845326,1,5912.0,7.0,3.0,2019.0,4.0,1.0,26.0,245.0,57.0,14.0,1.0,26.0,1.0,0.0,0.0,002600100S00,45.0,29.0,47.21,-122.0,32.0,57.54,0.0,7.0,6.64,1.0,0.0,0.0,0.0,0.0,0.0,6.0,C,3,4.0,0.0,1.0,2.0,4.0,1.0,3.0,29.0,0.0,0.0,0.0,1.0,2.0,1.0,02B,293_14851,0.0,2.0,0.0,0.0,0.0,2.0,2.0,0.0,1.0,0.0,0.0,0.0,0.0,0.0,0.0,0.0,0.0,0.0,3.0,3.0,0.0,0.0,3.0,2019-07-03
1845378,1,1872.0,3.0,4.0,2019.0,2.0,15.0,26.0,245.0,57.0,14.0,1.0,26.0,1.0,0.0,0.0,002600100S00,45.0,29.0,50.59,-122.0,34.0,8.85,0.0,7.0,5.56,3.0,0.0,1.0,0.0,0.0,4.0,4.0,E,3,4.0,1.0,1.0,1.0,1.0,1.0,0.0,29.0,0.0,0.0,0.0,0.0,2.0,1.0,02B,293_10834,0.0,2.0,0.0,0.0,0.0,1.0,1.0,0.0,2.0,0.0,0.0,0.0,0.0,0.0,0.0,0.0,0.0,0.0,3.0,3.0,3.0,0.0,0.0,2019-03-04
1845474,1,6059.0,7.0,8.0,2019.0,2.0,16.0,26.0,245.0,57.0,14.0,1.0,26.0,1.0,0.0,0.0,002600100S00,45.0,29.0,52.6,-122.0,38.0,22.63,0.0,7.0,2.07,1.0,0.0,0.0,0.0,0.0,0.0,6.0,E,3,4.0,2.0,1.0,1.0,1.0,1.0,3.0,29.0,0.0,0.0,0.0,1.0,2.0,1.0,02B,293_14612,0.0,2.0,0.0,0.0,0.0,1.0,1.0,0.0,2.0,0.0,0.0,0.0,0.0,0.0,0.0,0.0,0.0,0.0,3.0,3.0,3.0,0.0,0.0,2019-07-08
1845603,1,6204.0,7.0,12.0,2019.0,6.0,16.0,26.0,247.0,57.0,16.0,0.0,26.0,2.0,0.0,0.0,002600200S00,45.0,30.0,10.62,-122.0,40.0,35.55,0.0,9.0,0.09,1.0,0.0,0.0,0.0,0.0,0.0,4.0,H,6,4.0,1.0,1.0,1.0,4.0,1.0,5.0,2.0,0.0,0.0,0.0,0.0,2.0,1.0,02B,293_6878,0.0,2.0,0.0,0.0,0.0,4.0,4.0,0.0,2.0,0.0,0.0,0.0,0.0,0.0,0.0,0.0,0.0,0.0,6.0,6.0,6.0,0.0,0.0,2019-07-12
1845619,1,5557.0,6.0,22.0,2019.0,7.0,18.0,26.0,245.0,57.0,14.0,1.0,26.0,1.0,0.0,0.0,002600100S00,45.0,29.0,52.76,-122.0,31.0,21.95,0.0,2.0,7.94,3.0,0.0,1.0,0.0,0.0,2.0,4.0,E,3,4.0,1.0,1.0,1.0,99.0,1.0,3.0,27.0,1.0,1.0,1.0,1.0,2.0,1.0,02B,293_14853,0.0,2.0,0.0,0.0,1.0,0.0,1.0,0.0,1.0,0.0,0.0,0.0,0.0,0.0,0.0,0.0,0.0,0.0,2.0,2.0,0.0,0.0,2.0,2019-06-22
1845672,1,1971.0,3.0,7.0,2019.0,5.0,9.0,26.0,245.0,57.0,14.0,1.0,26.0,1.0,0.0,0.0,002600100S00,45.0,29.0,49.08,-122.0,32.0,28.81,0.0,7.0,7.03,3.0,0.0,0.0,0.0,0.0,2.0,4.0,C,5,4.0,1.0,1.0,1.0,99.0,1.0,3.0,2.0,0.0,0.0,0.0,1.0,2.0,1.0,02B,293_3639,0.0,2.0,0.0,0.0,0.0,1.0,1.0,0.0,2.0,0.0,0.0,0.0,0.0,0.0,0.0,0.0,0.0,0.0,3.0,3.0,1.0,0.0,2.0,2019-03-07
1845727,1,2022.0,6.0,17.0,2019.0,2.0,20.0,3.0,0.0,57.0,14.0,1.0,26.0,1.0,0.0,0.0,002600100S00,45.0,25.0,40.08,-122.0,20.0,9.91,0.0,0.0,20.0,3.0,0.0,0.0,0.0,0.0,4.0,3.0,C,5,5.0,1.0,1.0,1.0,0.0,1.0,1.0,13.0,0.0,0.0,0.0,0.0,8.0,1.0,02C,293_3530,0.0,2.0,0.0,0.0,0.0,0.0,0.0,0.0,4.0,0.0,0.0,0.0,0.0,0.0,0.0,0.0,0.0,0.0,4.0,4.0,4.0,0.0,0.0,2019-06-17
1845755,1,2024.0,3.0,9.0,2019.0,7.0,21.0,26.0,245.0,57.0,14.0,1.0,26.0,1.0,0.0,0.0,002600100S00,45.0,29.0,50.78,-122.0,35.0,23.64,0.0,9.0,4.5,1.0,0.0,0.0,0.0,0.0,0.0,1.0,B,6,4.0,0.0,0.0,2.0,1.0,1.0,3.0,27.0,0.0,0.0,0.0,0.0,2.0,1.0,02B,293_20036,0.0,2.0,0.0,0.0,0.0,2.0,2.0,0.0,0.0,0.0,0.0,0.0,0.0,0.0,0.0,0.0,0.0,0.0,2.0,2.0,2.0,0.0,0.0,2019-03-09
1845835,1,2073.0,3.0,11.0,2019.0,2.0,8.0,26.0,245.0,57.0,14.0,1.0,26.0,1.0,0.0,0.0,002600100S00,45.0,29.0,32.31,-122.0,29.0,4.82,0.0,8.0,9.87,1.0,0.0,0.0,0.0,0.0,0.0,6.0,E,3,4.0,1.0,1.0,1.0,1.0,1.0,5.0,29.0,0.0,0.0,0.0,0.0,2.0,1.0,02B,293_16249,0.0,2.0,0.0,0.0,0.0,1.0,1.0,0.0,1.0,0.0,0.0,0.0,0.0,0.0,0.0,0.0,0.0,0.0,2.0,2.0,1.0,0.0,1.0,2019-03-11
1845949,1,2154.0,3.0,14.0,2019.0,5.0,16.0,26.0,245.0,57.0,14.0,1.0,26.0,1.0,0.0,0.0,002600100S00,45.0,29.0,49.36,-122.0,37.0,34.31,0.0,3.0,2.73,1.0,0.0,0.0,0.0,0.0,0.0,6.0,E,3,4.0,1.0,1.0,1.0,1.0,1.0,3.0,29.0,0.0,0.0,0.0,0.0,2.0,1.0,02B,293_19139,0.0,2.0,0.0,0.0,0.0,1.0,1.0,0.0,1.0,0.0,0.0,0.0,0.0,0.0,0.0,0.0,0.0,0.0,2.0,2.0,0.0,0.0,2.0,2019-03-14
1845964,1,2185.0,3.0,15.0,2019.0,6.0,18.0,26.0,245.0,57.0,14.0,1.0,26.0,1.0,0.0,0.0,002600100S00,45.0,29.0,38.61,-122.0,29.0,34.98,0.0,8.0,9.46,1.0,0.0,0.0,0.0,0.0,0.0,6.0,E,3,4.0,1.0,1.0,1.0,99.0,1.0,0.0,29.0,0.0,0.0,0.0,0.0,2.0,1.0,02B,293_18834,0.0,2.0,0.0,0.0,0.0,1.0,1.0,0.0,1.0,0.0,0.0,0.0,0.0,0.0,0.0,0.0,0.0,0.0,2.0,2.0,2.0,0.0,0.0,2019-03-15