Crash ID,Record Type,Serial #,Crash Month,Crash Day,Crash Year,Week Day Code,Crash Hour,County Code,City Section ID,Urban Area Code,Functional Class Code,NHS Flag,Highway Number,Roadway Number,Highway Component,Mileage Type,Linear Reference System (LRS),Latitude Degrees,Latitude Minutes,Latitude Seconds,Longitude Degrees,Longitude Minutes,Longitude Seconds,Latitude (Decimal Degrees),Intersection Sequence Number,Distance from Intersection,Milepoint,Posted Speed Limit,Off Roadway Flag,Intersection Type,Intersection Related Flag,Roundabout Flag,Number of Turning Legs,Median Type,Impact Location,Crash Type,Collision Type,Crash Severity,Weather Condition,Road Surface Condition,Light Condition,Traffic Control Device (TCD),Crash Level Event 2 Code,School Zone Indicator,Work Zone Indicator,Secondary Crash Indicator,Alcohol-Involved Flag,Crash Marijuana Involved Flag,Population Range Code,Road Control,Route Type,Region ID,District ID,Segment Marker ID,Segment Point LRS Measure,Unlocatable Flag,Total Vehicle Count,Total Fatality Count,Total Suspected Serious Injury (A) Count,Total Suspected Minor Injury (B) Count,Total Possible Injury (C) Count,Total Non-Fatal Injury Count,Total Un-Injured  Children Age 00-04,Total Un-Injured Persons,Total Pedestrian Count,Total Pedestrian Fatality Count,Total Pedestrian Non-Fatal Injury Count,Total Pedalcyclist Count,Total Pedalcyclist Fatality Count,Total Pedalcyclist Non-Fatal Injury Count,Total Unknown Non-Motorist Count,Total Unknown Non-Motorist Fatality Count,Total Unknown Non-Motorist Injury Count,Total Vehicle Occupant Count,date
1845971,1,2226.0,3.0,17.0,2019.0,1.0,20.0,26.0,245.0,57.0,14.0,1.0,26.0,1.0,0.0,0.0,002600100S00,45.0,29.0,50.65,-122.0,34.0,34.54,0.0,7.0,5.21,1.0,0.0,0.0,0.0,0.0,0.0,6.0,E,3,4.0,1.0,1.0,5.0,99.0,1.0,0.0,29.0,0.0,0.0,0.0,0.0,2.0,1.0,02B,293_21074,0.0,2.0,0.0,0.0,0.0,2.0,2.0,0.0,1.0,0.0,0.0,0.0,0.0,0.0,0.0,0.0,0.0,0.0,3.0,3.0,0.0,0.0,3.0,2019-03-17
1845975,1,2234.0,3.0,17.0,2019.0,1.0,16.0,26.0,0.0,57.0,14.0,1.0,26.0,1.0,0.0,0.0,002600100S00,45.0,28.0,2.36,-122.0,23.0,23.59,0.0,9.0,16.24,1.0,0.0,0.0,0.0,0.0,0.0,3.0,B,1,4.0,1.0,1.0,1.0,4.0,1.0,2.0,2.0,0.0,0.0,0.0,0.0,8.0,1.0,02C,293_3598,0.0,2.0,0.0,0.0,1.0,1.0,2.0,0.0,2.0,0.0,0.0,0.0,0.0,0.0,0.0,0.0,0.0,0.0,4.0,4.0,3.0,0.0,1.0,2019-03-17
1845982,1,2250.0,3.0,18.0,2019.0,2.0,21.0,26.0,245.0,57.0,14.0,1.0,26.0,1.0,0.0,0.0,002600100S00,45.0,30.0,5.63,-122.0,39.0,33.26,0.0,3.0,1.07,3.0,0.0,0.0,0.0,0.0,5.0,5.0,E,3,4.0,1.0,1.0,2.0,99.0,1.0,5.0,29.0,0.0,0.0,0.0,0.0,2.0,1.0,02B,293_6796,0.0,3.0,0.0,0.0,0.0,2.0,2.0,0.0,2.0,0.0,0.0,0.0,0.0,0.0,0.0,0.0,0.0,0.0,4.0,4.0,3.0,0.0,1.0,2019-03-18
1846015,1,6367.0,7.0,16.0,2019.0,3.0,9.0,26.0,245.0,57.0,14.0,1.0,26.0,1.0,0.0,0.0,002600100S00,45.0,29.0,58.03,-122.0,38.0,42.18,0.0,8.0,1.79,3.0,0.0,0.0,0.0,0.0,4.0,4.0,E,3,4.0,1.0,1.0,1.0,99.0,1.0,0.0,29.0,0.0,0.0,0.0,0.0,2.0,1.0,02B,293_798,0.0,2.0,0.0,0.0,0.0,1.0,1.0,0.0,1.0,0.0,0.0,0.0,0.0,0.0,0.0,0.0,0.0,0.0,2.0,2.0,1.0,0.0,1.0,2019-07-16
1846016,1,6382.0,7.0,16.0,2019.0,3.0,17.0,26.0,245.0,57.0,14.0,1.0,26.0,1.0,0.0,0.0,002600100S00,45.0,29.0,47.61,-122.0,33.0,43.83,0.0,7.0,6.0,2.0,0.0,0.0,0.0,0.0,2.0,4.0,B,6,4.0,1.0,1.0,1.0,99.0,1.0,0.0,2.0,0.0,0.0,0.0,0.0,2.0,1.0,02B,293_21203,0.0,2.0,0.0,0.0,0.0,2.0,2.0,0.0,1.0,0.0,0.0,0.0,0.0,0.0,0.0,0.0,0.0,0.0,3.0,3.0,2.0,0.0,1.0,2019-07-16
1846021,1,6396.0,7.0,17.0,2019.0,4.0,10.0,26.0,245.0,57.0,14.0,1.0,26.0,1.0,0.0,0.0,002600100S00,45.0,29.0,57.68,-122.0,38.0,40.71,0.0,8.0,1.81,1.0,0.0,0.0,0.0,0.0,0.0,6.0,E,3,4.0,1.0,1.0,1.0,1.0,1.0,0.0,29.0,0.0,0.0,0.0,0.0,2.0,1.0,02B,293_798,0.0,2.0,0.0,0.0,0.0,1.0,1.0,0.0,1.0,0.0,0.0,0.0,0.0,0.0,0.0,0.0,0.0,0.0,2.0,2.0,1.0,0.0,1.0,2019-07-17
1846139,1,6486.0,7.0,19.0,2019.0,6.0,10.0,26.0,245.0,57.0,14.0,1.0,26.0,1.0,0.0,0.0,002600100S00,45.0,29.0,51.05,-122.0,36.0,43.59,0.0,3.0,3.42,3.0,0.0,0.0,0.0,0.0,4.0,3.0,C,3,4.0,1.0,1.0,1.0,0.0,1.0,3.0,22.0,0.0,1.0,0.0,0.0,2.0,1.0,02B,293_2429,0.0,2.0,0.0,0.0,0.0,1.0,1.0,0.0,1.0,0.0,0.0,0.0,0.0,0.0,0.0,0.0,0.0,0.0,2.0,2.0,0.0,0.0,2.0,2019-07-19
1846145,1,5746.0,6.0,27.0,2019.0,5.0,13.0,26.0,245.0,57.0,14.0,1.0,26.0,1.0,0.0,0.0,002600100S00,45.0,29.0,50.88,-122.0,36.0,12.52,0.0,7.0,3.84,3.0,0.0,0.0,0.0,0.0,4.0,6.0,E,3,4.0,1.0,1.0,1.0,99.0,1.0,0.0,1.0,0.0,0.0,1.0,0.0,2.0,1.0,02B,293_13693,0.0,2.0,0.0,0.0,0.0,1.0,1.0,0.0,1.0,0.0,0.0,0.0,0.0,0.0,0.0,0.0,0.0,0.0,2.0,2.0,1.0,0.0,1.0,2019-06-27
1846158,1,6523.0,7.0,20.0,2019.0,7.0,20.0,26.0,245.0,57.0,14.0,1.0,26.0,1.0,0.0,0.0,002600100S00,45.0,29.0,50.78,-122.0,35.0,20.82,0.0,9.0,4.54,1.0,0.0,0.0,0.0,0.0,0.0,3.0,H,6,4.0,1.0,1.0,5.0,1.0,1.0,3.0,2.0,1.0,0.0,0.0,0.0,2.0,1.0,02B,293_19988,0.0,2.0,0.0,0.0,0.0,1.0,1.0,0.0,1.0,0.0,0.0,0.0,0.0,0.0,0.0,0.0,0.0,0.0,2.0,2.0,2.0,0.0,0.0,2019-07-20
1846237,1,5778.0,6.0,28.0,2019.0,6.0,8.0,26.0,245.0,57.0,14.0,1.0,26.0,1.0,0.0,0.0,002600100S00,45.0,29.0,50.8,-122.0,35.0,32.27,0.0,9.0,4.38,1.0,0.0,0.0,0.0,0.0,0.0,4.0,B,1,4.0,1.0,1.0,1.0,1.0,1.0,5.0,4.0,0.0,0.0,0.0,0.0,2.0,1.0,02B,293_19722,0.0,2.0,0.0,0.0,1.0,0.0,1.0,0.0,3.0,0.0,0.0,0.0,0.0,0.0,0.0,0.0,0.0,0.0,4.0,4.0,3.0,0.0,1.0,2019-06-28
1846303,1,6668.0,7.0,24.0,2019.0,4.0,13.0,26.0,83.0,57.0,14.0,1.0,26.0,1.0,0.0,0.0,002600100S00,45.0,29.0,17.91,-122.0,24.0,1.6,0.0,5.0,14.62,3.0,0.0,0.0,0.0,0.0,4.0,3.0,E,3,4.0,1.0,1.0,1.0,99.0,1.0,0.0,29.0,0.0,0.0,0.0,0.0,4.0,1.0,02C,293_767,0.0,2.0,0.0,0.0,0.0,2.0,2.0,0.0,1.0,0.0,0.0,0.0,0.0,0.0,0.0,0.0,0.0,0.0,3.0,3.0,2.0,0.0,1.0,2019-07-24
1846318,1,6702.0,7.0,25.0,2019.0,5.0,16.0,26.0,245.0,57.0,14.0,1.0,26.0,1.0,0.0,0.0,002600100S00,45.0,29.0,49.49,-122.0,32.0,15.58,0.0,5.0,7.21,1.0,0.0,0.0,0.0,0.0,0.0,6.0,A,6,4.0,1.0,1.0,1.0,1.0,1.0,0.0,8.0,0.0,0.0,0.0,0.0,2.0,1.0,02B,293_18791,0.0,2.0,0.0,0.0,0.0,1.0,1.0,0.0,1.0,0.0,0.0,0.0,0.0,0.0,0.0,0.0,0.0,0.0,2.0,2.0,1.0,0.0,1.0,2019-07-25
1846364,1,5816.0,6.0,30.0,2019.0,1.0,14.0,26.0,245.0,57.0,14.0,1.0,26.0,1.0,0.0,0.0,002600100S00,45.0,29.0,50.58,-122.0,34.0,6.58,0.0,3.0,5.59,1.0,0.0,0.0,0.0,0.0,0.0,6.0,E,3,4.0,1.0,1.0,1.0,1.0,1.0,0.0,29.0,0.0,0.0,0.0,0.0,2.0,1.0,02B,293_10834,0.0,2.0,0.0,0.0,0.0,4.0,4.0,0.0,1.0,0.0,0.0,0.0,0.0,0.0,0.0,0.0,0.0,0.0,5.0,5.0,0.0,0.0,5.0,2019-06-30
1846373,1,2343.0,3.0,19.0,2019.0,3.0,15.0,26.0,245.0,57.0,14.0,1.0,26.0,1.0,0.0,0.0,002600100S00,45.0,30.0,5.31,-122.0,39.0,20.84,0.0,9.0,1.25,1.0,0.0,0.0,0.0,0.0,0.0,2.0,C,3,4.0,1.0,1.0,1.0,99.0,1.0,3.0,2.0,1.0,0.0,0.0,1.0,2.0,1.0,02B,293_10831,0.0,3.0,0.0,0.0,1.0,1.0,2.0,0.0,1.0,0.0,0.0,0.0,0.0,0.0,0.0,0.0,0.0,0.0,3.0,3.0,2.0,0.0,1.0,2019-03-19
1846424,1,2371.0,3.0,21.0,2019.0,5.0,12.0,26.0,245.0,57.0,14.0,1.0,26.0,1.0,0.0,0.0,002600100S00,45.0,29.0,52.18,-122.0,38.0,16.79,0.0,7.0,2.15,3.0,0.0,0.0,0.0,0.0,4.0,5.0,C,3,4.0,1.0,1.0,1.0,99.0,1.0,0.0,29.0,0.0,0.0,0.0,0.0,2.0,1.0,02B,293_14612,0.0,2.0,0.0,0.0,0.0,1.0,1.0,0.0,1.0,0.0,0.0,0.0,0.0,0.0,0.0,0.0,0.0,0.0,2.0,2.0,1.0,0.0,1.0,2019-03-21
1846442,1,6020.0,6.0,13.0,2019.0,5.0,10.0,26.0,245.0,57.0,14.0,1.0,26.0,1.0,0.0,0.0,002600100S00,45.0,29.0,50.28,-122.0,37.0,22.95,0.0,7.0,2.89,3.0,0.0,0.0,0.0,0.0,4.0,3.0,E,3,4.0,1.0,1.0,1.0,99.0,1.0,3.0,29.0,0.0,0.0,0.0,0.0,2.0,1.0,02B,293_20721,0.0,2.0,0.0,0.0,0.0,1.0,1.0,0.0,1.0,0.0,0.0,0.0,0.0,0.0,0.0,0.0,0.0,0.0,2.0,2.0,1.0,0.0,1.0,2019-06-13
1846452,1,6753.0,7.0,26.0,2019.0,6.0,12.0,26.0,245.0,57.0,14.0,1.0,26.0,1.0,0.0,0.0,002600100S00,45.0,29.0,50.65,-122.0,34.0,34.54,0.0,9.0,5.21,1.0,0.0,0.0,0.0,0.0,0.0,1.0,B,6,4.0,1.0,1.0,1.0,4.0,1.0,0.0,2.0,0.0,0.0,0.0,0.0,2.0,1.0,02B,293_21074,0.0,2.0,0.0,0.0,0.0,1.0,1.0,0.0,1.0,0.0,0.0,0.0,0.0,0.0,0.0,0.0,0.0,0.0,2.0,2.0,2.0,0.0,0.0,2019-07-26
1846543,1,2405.0,3.0,22.0,2019.0,6.0,13.0,26.0,245.0,57.0,14.0,1.0,26.0,1.0,0.0,0.0,002600100S00,45.0,29.0,46.94,-122.0,33.0,1.18,0.0,7.0,6.58,3.0,1.0,0.0,0.0,0.0,2.0,5.0,2,3,4.0,2.0,1.0,1.0,99.0,1.0,3.0,10.0,0.0,1.0,0.0,1.0,2.0,1.0,02B,293_14851,0.0,2.0,0.0,0.0,1.0,0.0,1.0,0.0,0.0,0.0,0.0,0.0,0.0,0.0,0.0,0.0,0.0,0.0,1.0,1.0,0.0,0.0,1.0,2019-03-22
1846555,1,2415.0,3.0,22.0,2019.0,6.0,5.0,26.0,245.0,57.0,14.0,1.0,26.0,1.0,0.0,0.0,002600100S00,45.0,29.0,50.65,-122.0,34.0,19.79,0.0,3.0,5.41,3.0,1.0,0.0,0.0,0.0,4.0,1.0,8,9,4.0,1.0,1.0,2.0,99.0,1.0,3.0,16.0,0.0,0.0,0.0,0.0,2.0,1.0,02B,293_9560,0.0,1.0,0.0,0.0,1.0,0.0,1.0,0.0,0.0,0.0,0.0,0.0,0.0,0.0,0.0,0.0,0.0,0.0,1.0,1.0,0.0,0.0,1.0,2019-03-22
1846575,1,2176.0,6.0,28.0,2019.0,6.0,14.0,3.0,0.0,0.0,2.0,1.0,26.0,1.0,0.0,0.0,002600100S00,45.0,19.0,19.85,-121.0,54.0,19.54,0.0,0.0,44.9,3.0,0.0,0.0,0.0,0.0,2.0,4.0,E,3,4.0,1.0,1.0,1.0,0.0,1.0,1.0,7.0,0.0,0.0,0.0,0.0,5.0,1.0,02C,293_9317,0.0,2.0,0.0,0.0,0.0,1.0,1.0,0.0,4.0,0.0,0.0,0.0,0.0,0.0,0.0,0.0,0.0,0.0,5.0,5.0,5.0,0.0,0.0,2019-06-28
1846641,1,2187.0,6.0,28.0,2019.0,6.0,7.0,3.0,185.0,68.0,14.0,1.0,26.0,1.0,0.0,0.0,002600100S00,45.0,24.0,17.19,-122.0,17.0,26.69,0.0,4.0,22.74,1.0,0.0,0.0,0.0,0.0,0.0,6.0,E,3,4.0,1.0,1.0,1.0,1.0,1.0,3.0,7.0,0.0,0.0,0.0,0.0,4.0,1.0,02C,293_8495,0.0,2.0,0.0,0.0,0.0,1.0,1.0,0.0,3.0,0.0,0.0,0.0,0.0,0.0,0.0,0.0,0.0,0.0,4.0,4.0,4.0,0.0,0.0,2019-06-28
1846699,1,2465.0,3.0,24.0,2019.0,1.0,11.0,26.0,0.0,57.0,14.0,1.0,26.0,1.0,0.0,0.0,002600100S00,45.0,27.0,40.62,-122.0,22.0,59.24,0.0,9.0,16.77,1.0,0.0,0.0,0.0,0.0,0.0,2.0,H,6,4.0,1.0,1.0,1.0,4.0,1.0,2.0,2.0,0.0,0.0,0.0,0.0,8.0,1.0,02C,293_10835,0.0,2.0,0.0,0.0,1.0,0.0,1.0,0.0,1.0,0.0,0.0,0.0,0.0,0.0,0.0,0.0,0.0,0.0,2.0,2.0,2.0,0.0,0.0,2019-03-24
1846707,1,2479.0,3.0,24.0,2019.0,1.0,10.0,26.0,245.0,57.0,14.0,1.0,26.0,1.0,0.0,0.0,002600100S00,45.0,29.0,50.66,-122.0,34.0,38.2,0.0,7.0,5.16,3.0,0.0,0.0,0.0,0.0,4.0,4.0,C,3,4.0,1.0,1.0,1.0,99.0,1.0,5.0,29.0,0.0,0.0,0.0,0.0,2.0,1.0,02B,293_21074,0.0,2.0,0.0,0.0,0.0,2.0,2.0,0.0,0.0,0.0,0.0,0.0,0.0,0.0,0.0,0.0,0.0,0.0,2.0,2.0,1.0,0.0,1.0,2019-03-24
1846797,1,2538.0,3.0,25.0,2019.0,2.0,6.0,26.0,245.0,57.0,14.0,1.0,26.0,1.0,0.0,0.0,002600100S00,45.0,29.0,50.43,-122.0,37.0,21.37,0.0,9.0,2.91,1.0,0.0,0.0,0.0,0.0,0.0,1.0,H,6,4.0,3.0,2.0,4.0,1.0,1.0,5.0,2.0,0.0,0.0,0.0,0.0,2.0,1.0,02B,293_19721,0.0,2.0,0.0,0.0,0.0,1.0,1.0,0.0,1.0,0.0,0.0,0.0,0.0,0.0,0.0,0.0,0.0,0.0,2.0,2.0,1.0,0.0,1.0,2019-03-25
1846812,1,2540.0,3.0,25.0,2019.0,2.0,13.0,26.0,245.0,57.0,14.0,1.0,26.0,1.0,0.0,0.0,002600100S00,45.0,30.0,5.59,-122.0,39.0,31.76,0.0,9.0,1.1,1.0,0.0,0.0,0.0,0.0,0.0,3.0,H,6,4.0,3.0,2.0,1.0,99.0,1.0,0.0,2.0,0.0,0.0,0.0,0.0,2.0,1.0,02B,293_6796,0.0,2.0,0.0,0.0,0.0,1.0,1.0,0.0,1.0,0.0,0.0,0.0,0.0,0.0,0.0,0.0,0.0,0.0,2.0,2.0,1.0,0.0,1.0,2019-03-25
1846840,1,2561.0,3.0,20.0,2019.0,4.0,16.0,26.0,245.0,57.0,14.0,1.0,26.0,1.0,0.0,0.0,002600100S00,45.0,29.0,50.67,-122.0,34.0,43.34,0.0,7.0,5.04,1.0,0.0,0.0,0.0,0.0,0.0,5.0,E,3,4.0,1.0,1.0,1.0,1.0,1.0,0.0,29.0,0.0,0.0,0.0,0.0,2.0,1.0,02B,293_21461,0.0,3.0,0.0,0.0,0.0,1.0,1.0,0.0,2.0,0.0,0.0,0.0,0.0,0.0,0.0,0.0,0.0,0.0,3.0,3.0,0.0,0.0,3.0,2019-03-20
1846965,1,2604.0,3.0,28.0,2019.0,5.0,21.0,26.0,245.0,57.0,14.0,1.0,26.0,1.0,0.0,0.0,002600100S00,45.0,29.0,47.88,-122.0,32.0,49.65,0.0,3.0,6.75,3.0,0.0,0.0,0.0,0.0,2.0,4.0,C,5,4.0,3.0,2.0,2.0,99.0,1.0,3.0,13.0,0.0,0.0,0.0,1.0,2.0,1.0,02B,293_13269,0.0,2.0,0.0,0.0,0.0,1.0,1.0,0.0,2.0,0.0,0.0,0.0,0.0,0.0,0.0,0.0,0.0,0.0,3.0,3.0,0.0,0.0,3.0,2019-03-28
1847023,1,7129.0,8.0,6.0,2019.0,3.0,9.0,26.0,247.0,57.0,16.0,0.0,26.0,2.0,0.0,0.0,002600200S00,45.0,30.0,10.97,-122.0,40.0,35.99,0.0,9.0,0.09,1.0,0.0,0.0,0.0,0.0,0.0,2.0,H,6,4.0,1.0,1.0,1.0,4.0,1.0,3.0,27.0,0.0,0.0,0.0,0.0,2.0,1.0,02B,293_6878,0.0,2.0,0.0,0.0,0.0,1.0,1.0,0.0,1.0,0.0,0.0,0.0,0.0,0.0,0.0,0.0,0.0,0.0,2.0,2.0,2.0,0.0,0.0,2019-08-06
1847026,1,7130.0,8.0,6.0,2019.0,3.0,12.0,26.0,245.0,57.0,11.0,1.0,26.0,1.0,0.0,0.0,002600100S00,45.0,29.0,50.6,-122.0,33.0,59.51,0.0,7.0,5.69,1.0,0.0,0.0,0.0,0.0,0.0,5.0,F,6,4.0,1.0,1.0,1.0,1.0,1.0,0.0,8.0,0.0,0.0,0.0,0.0,2.0,1.0,02B,293_12196,0.0,2.0,0.0,0.0,0.0,1.0,1.0,0.0,1.0,0.0,0.0,0.0,0.0,0.0,0.0,0.0,0.0,0.0,2.0,2.0,1.0,0.0,1.0,2019-08-06
1847080,1,2651.0,3.0,29.0,2019.0,6.0,10.0,26.0,83.0,57.0,14.0,1.0,26.0,1.0,0.0,0.0,002600100S00,45.0,29.0,19.94,-122.0,24.0,2.94,0.0,3.0,14.58,1.0,0.0,0.0,0.0,0.0,0.0,9.0,E,3,4.0,1.0,1.0,1.0,23.0,1.0,0.0,29.0,0.0,0.0,0.0,0.0,4.0,1.0,02C,293_767,0.0,2.0,0.0,0.0,0.0,1.0,1.0,0.0,2.0,0.0,0.0,0.0,0.0,0.0,0.0,0.0,0.0,0.0,3.0,3.0,2.0,0.0,1.0,2019-03-29
1847084,1,7161.0,8.0,5.0,2019.0,2.0,11.0,26.0,245.0,57.0,14.0,1.0,26.0,1.0,0.0,0.0,002600100S00,45.0,29.0,51.15,-122.0,37.0,5.09,0.0,3.0,3.11,1.0,1.0,0.0,0.0,0.0,0.0,6.0,8,9,4.0,1.0,1.0,1.0,1.0,1.0,3.0,32.0,0.0,0.0,0.0,0.0,2.0,1.0,02B,293_20034,0.0,2.0,0.0,0.0,0.0,2.0,2.0,1.0,1.0,0.0,0.0,0.0,0.0,0.0,0.0,0.0,0.0,0.0,3.0,3.0,2.0,0.0,1.0,2019-08-05
1847184,1,11377.0,7.0,29.0,2019.0,2.0,7.0,26.0,245.0,57.0,14.0,1.0,26.0,1.0,0.0,0.0,002600100S00,45.0,29.0,49.25,-122.0,37.0,35.86,0.0,7.0,2.71,3.0,0.0,0.0,0.0,0.0,4.0,3.0,C,5,4.0,1.0,1.0,1.0,99.0,1.0,5.0,13.0,0.0,0.0,0.0,0.0,2.0,1.0,02B,293_19139,0.0,2.0,0.0,0.0,0.0,1.0,1.0,0.0,2.0,0.0,0.0,0.0,0.0,0.0,0.0,0.0,0.0,0.0,3.0,3.0,2.0,0.0,1.0,2019-07-29
1847234,1,6952.0,7.0,31.0,2019.0,4.0,15.0,26.0,245.0,57.0,14.0,1.0,26.0,1.0,0.0,0.0,002600100S00,45.0,29.0,47.76,-122.0,33.0,44.47,0.0,3.0,5.99,3.0,0.0,0.0,0.0,0.0,2.0,4.0,E,3,4.0,1.0,1.0,1.0,99.0,1.0,5.0,29.0,0.0,0.0,0.0,0.0,2.0,1.0,02B,293_21203,0.0,3.0,0.0,0.0,0.0,2.0,2.0,0.0,2.0,0.0,0.0,0.0,0.0,0.0,0.0,0.0,0.0,0.0,4.0,4.0,4.0,0.0,0.0,2019-07-31
1847302,1,6881.0,7.0,29.0,2019.0,2.0,17.0,26.0,245.0,57.0,14.0,1.0,26.0,1.0,0.0,0.0,002600100S00,45.0,29.0,49.03,-122.0,37.0,39.72,0.0,9.0,2.66,1.0,0.0,0.0,0.0,0.0,0.0,2.0,B,6,4.0,1.0,1.0,1.0,4.0,1.0,3.0,2.0,0.0,0.0,0.0,1.0,2.0,1.0,02B,293_17099,0.0,2.0,0.0,0.0,0.0,1.0,1.0,0.0,1.0,0.0,0.0,0.0,0.0,0.0,0.0,0.0,0.0,0.0,2.0,2.0,1.0,0.0,1.0,2019-07-29
1847308,1,6880.0,7.0,29.0,2019.0,2.0,21.0,26.0,245.0,57.0,14.0,1.0,26.0,1.0,0.0,0.0,002600100S00,45.0,29.0,50.73,-122.0,38.0,9.47,0.0,8.0,2.25,2.0,0.0,0.0,0.0,0.0,4.0,6.0,B,-,4.0,1.0,1.0,2.0,0.0,1.0,3.0,27.0,0.0,0.0,0.0,1.0,2.0,1.0,02B,293_13691,0.0,2.0,0.0,0.0,1.0,0.0,1.0,0.0,2.0,0.0,0.0,0.0,0.0,0.0,0.0,0.0,0.0,0.0,3.0,3.0,0.0,0.0,3.0,2019-07-29
1847313,1,2724.0,3.0,31.0,2019.0,1.0,20.0,26.0,245.0,57.0,14.0,1.0,26.0,1.0,0.0,0.0,002600100S00,45.0,29.0,50.63,-122.0,34.0,14.17,0.0,7.0,5.49,1.0,0.0,0.0,0.0,0.0,0.0,6.0,C,3,4.0,1.0,1.0,5.0,99.0,1.0,0.0,29.0,0.0,0.0,0.0,0.0,2.0,1.0,02B,293_10834,0.0,2.0,0.0,0.0,0.0,1.0,1.0,0.0,1.0,0.0,0.0,0.0,0.0,0.0,0.0,0.0,0.0,0.0,2.0,2.0,1.0,0.0,1.0,2019-03-31
1847332,1,2737.0,3.0,29.0,2019.0,6.0,13.0,26.0,83.0,57.0,14.0,1.0,26.0,1.0,0.0,0.0,002600100S00,45.0,29.0,19.95,-122.0,24.0,2.95,0.0,3.0,14.58,1.0,0.0,0.0,0.0,0.0,0.0,6.0,E,3,4.0,1.0,1.0,1.0,4.0,1.0,0.0,29.0,0.0,0.0,0.0,0.0,4.0,1.0,02C,293_767,0.0,2.0,0.0,0.0,0.0,1.0,1.0,0.0,1.0,0.0,0.0,0.0,0.0,0.0,0.0,0.0,0.0,0.0,2.0,2.0,0.0,0.0,2.0,2019-03-29
1847352,1,2821.0,3.0,24.0,2019.0,1.0,16.0,26.0,247.0,57.0,16.0,0.0,26.0,2.0,0.0,0.0,002600200S00,45.0,30.0,12.76,-122.0,40.0,38.27,0.0,9.0,0.01,1.0,0.0,0.0,0.0,0.0,0.0,2.0,C,5,4.0,1.0,1.0,1.0,99.0,1.0,0.0,14.0,0.0,0.0,0.0,0.0,2.0,1.0,02B,293_6878,0.0,2.0,0.0,0.0,0.0,1.0,1.0,0.0,2.0,0.0,0.0,0.0,0.0,0.0,0.0,0.0,0.0,0.0,3.0,3.0,2.0,0.0,1.0,2019-03-24
1847358,1,6873.0,7.0,29.0,2019.0,2.0,1.0,26.0,245.0,57.0,14.0,1.0,26.0,1.0,0.0,0.0,002600100S00,45.0,29.0,49.42,-122.0,32.0,17.9,0.0,7.0,7.18,3.0,0.0,0.0,0.0,0.0,2.0,3.0,E,3,4.0,1.0,1.0,3.0,11.0,1.0,3.0,29.0,0.0,0.0,0.0,1.0,2.0,1.0,02B,293_18791,0.0,3.0,0.0,0.0,0.0,1.0,1.0,0.0,3.0,0.0,0.0,0.0,0.0,0.0,0.0,0.0,0.0,0.0,4.0,4.0,0.0,0.0,4.0,2019-07-29
1847366,1,6872.0,7.0,29.0,2019.0,2.0,10.0,26.0,245.0,57.0,14.0,1.0,26.0,1.0,0.0,0.0,002600100S00,45.0,29.0,50.59,-122.0,34.0,0.21,0.0,7.0,5.68,3.0,0.0,0.0,0.0,0.0,4.0,4.0,C,3,4.0,1.0,1.0,1.0,99.0,1.0,0.0,29.0,0.0,0.0,0.0,0.0,2.0,1.0,02B,293_12196,0.0,2.0,0.0,0.0,0.0,1.0,1.0,0.0,1.0,0.0,0.0,0.0,0.0,0.0,0.0,0.0,0.0,0.0,2.0,2.0,1.0,0.0,1.0,2019-07-29
1847371,1,6869.0,7.0,29.0,2019.0,2.0,20.0,26.0,245.0,57.0,14.0,1.0,26.0,1.0,0.0,0.0,002600100S00,45.0,30.0,4.17,-122.0,39.0,15.17,0.0,4.0,1.32,1.0,0.0,0.0,0.0,0.0,0.0,9.0,C,3,4.0,1.0,1.0,5.0,1.0,1.0,0.0,29.0,0.0,0.0,0.0,0.0,2.0,1.0,02B,293_12192,0.0,3.0,0.0,0.0,0.0,2.0,2.0,0.0,1.0,0.0,0.0,0.0,0.0,0.0,0.0,0.0,0.0,0.0,3.0,3.0,1.0,0.0,2.0,2019-07-29
1847378,1,7294.0,8.0,10.0,2019.0,7.0,10.0,26.0,245.0,57.0,14.0,1.0,26.0,1.0,0.0,0.0,002600100S00,45.0,30.0,4.17,-122.0,39.0,15.17,0.0,9.0,1.32,1.0,0.0,0.0,0.0,0.0,0.0,1.0,B,1,4.0,1.0,1.0,1.0,1.0,1.0,5.0,4.0,0.0,0.0,0.0,0.0,2.0,1.0,02B,293_12192,0.0,2.0,0.0,0.0,0.0,1.0,1.0,0.0,1.0,0.0,0.0,0.0,0.0,0.0,0.0,0.0,0.0,0.0,2.0,2.0,2.0,0.0,0.0,2019-08-10
1847385,1,7305.0,8.0,9.0,2019.0,6.0,12.0,26.0,245.0,57.0,14.0,1.0,26.0,1.0,0.0,0.0,002600100S00,45.0,30.0,4.17,-122.0,39.0,15.17,0.0,8.0,1.32,1.0,0.0,0.0,0.0,0.0,0.0,6.0,3,0,4.0,1.0,1.0,1.0,1.0,1.0,3.0,2.0,0.0,0.0,0.0,0.0,2.0,1.0,02B,293_12192,0.0,1.0,0.0,0.0,1.0,0.0,1.0,0.0,1.0,1.0,0.0,1.0,0.0,0.0,0.0,0.0,0.0,0.0,1.0,2.0,0.0,0.0,1.0,2019-08-09