Crash ID,Record Type,Serial #,Crash Month,Crash Day,Crash Year,Week Day Code,Crash Hour,County Code,City Section ID,Urban Area Code,Functional Class Code,NHS Flag,Highway Number,Roadway Number,Highway Component,Mileage Type,Linear Reference System (LRS),Latitude Degrees,Latitude Minutes,Latitude Seconds,Longitude Degrees,Longitude Minutes,Longitude Seconds,Latitude (Decimal Degrees),Intersection Sequence Number,Distance from Intersection,Milepoint,Posted Speed Limit,Off Roadway Flag,Intersection Type,Intersection Related Flag,Roundabout Flag,Number of Turning Legs,Median Type,Impact Location,Crash Type,Collision Type,Crash Severity,Weather Condition,Road Surface Condition,Light Condition,Traffic Control Device (TCD),Crash Level Event 2 Code,School Zone Indicator,Work Zone Indicator,Secondary Crash Indicator,Alcohol-Involved Flag,Crash Marijuana Involved Flag,Population Range Code,Road Control,Route Type,Region ID,District ID,Segment Marker ID,Segment Point LRS Measure,Unlocatable Flag,Total Vehicle Count,Total Fatality Count,Total Suspected Serious Injury (A) Count,Total Suspected Minor Injury (B) Count,Total Possible Injury (C) Count,Total Non-Fatal Injury Count,Total Un-Injured  Children Age 00-04,Total Un-Injured Persons,Total Pedestrian Count,Total Pedestrian Fatality Count,Total Pedestrian Non-Fatal Injury Count,Total Pedalcyclist Count,Total Pedalcyclist Fatality Count,Total Pedalcyclist Non-Fatal Injury Count,Total Unknown Non-Motorist Count,Total Unknown Non-Motorist Fatality Count,Total Unknown Non-Motorist Injury Count,Total Vehicle Occupant Count,date
1847483,1,2315.0,7.0,8.0,2019.0,2.0,15.0,3.0,0.0,0.0,2.0,1.0,26.0,1.0,0.0,0.0,002600100S00,45.0,22.0,2.1,-122.0,8.0,28.35,0.0,0.0,31.08,3.0,1.0,0.0,0.0,0.0,4.0,8.0,8,9,4.0,1.0,1.0,1.0,0.0,1.0,1.0,16.0,0.0,0.0,0.0,0.0,5.0,1.0,02C,293_14987,0.0,1.0,0.0,0.0,1.0,0.0,1.0,0.0,0.0,0.0,0.0,0.0,0.0,0.0,0.0,0.0,0.0,0.0,1.0,1.0,1.0,0.0,0.0,2019-07-08
1847491,1,7296.0,8.0,10.0,2019.0,7.0,13.0,26.0,245.0,57.0,14.0,1.0,26.0,1.0,0.0,0.0,002600100S00,45.0,29.0,50.57,-122.0,34.0,6.56,0.0,3.0,5.59,1.0,0.0,0.0,0.0,0.0,0.0,5.0,C,5,4.0,1.0,1.0,1.0,1.0,1.0,5.0,13.0,0.0,0.0,0.0,0.0,2.0,1.0,02B,293_10834,0.0,3.0,0.0,0.0,0.0,4.0,4.0,0.0,3.0,0.0,0.0,0.0,0.0,0.0,0.0,0.0,0.0,0.0,7.0,7.0,6.0,1.0,0.0,2019-08-10
1847500,1,7302.0,8.0,8.0,2019.0,5.0,1.0,26.0,245.0,57.0,14.0,1.0,26.0,1.0,0.0,0.0,002600100S00,45.0,29.0,50.78,-122.0,35.0,23.64,0.0,3.0,4.5,1.0,0.0,0.0,0.0,0.0,0.0,6.0,E,3,4.0,1.0,1.0,2.0,1.0,1.0,3.0,29.0,0.0,0.0,0.0,1.0,2.0,1.0,02B,293_20036,0.0,2.0,0.0,0.0,0.0,1.0,1.0,0.0,1.0,0.0,0.0,0.0,0.0,0.0,0.0,0.0,0.0,0.0,2.0,2.0,1.0,0.0,1.0,2019-08-08
1847540,1,2330.0,7.0,9.0,2019.0,3.0,11.0,3.0,185.0,68.0,14.0,1.0,26.0,1.0,0.0,0.0,002600100S00,45.0,24.0,20.04,-122.0,17.0,35.87,0.0,3.0,22.61,3.0,0.0,0.0,0.0,0.0,4.0,3.0,E,3,4.0,2.0,1.0,1.0,0.0,1.0,3.0,27.0,0.0,0.0,0.0,0.0,4.0,1.0,02C,293_8495,0.0,4.0,0.0,0.0,0.0,3.0,3.0,0.0,5.0,0.0,0.0,0.0,0.0,0.0,0.0,0.0,0.0,0.0,8.0,8.0,8.0,0.0,0.0,2019-07-09
1847575,1,6046.0,7.0,8.0,2019.0,2.0,15.0,26.0,245.0,57.0,14.0,1.0,26.0,2.0,0.0,0.0,002600200S00,45.0,29.0,59.08,-122.0,38.0,47.23,0.0,7.0,1.72,7.0,0.0,0.0,0.0,0.0,4.0,6.0,E,3,4.0,1.0,1.0,1.0,99.0,1.0,0.0,29.0,0.0,0.0,0.0,0.0,2.0,1.0,02B,293_22189,0.0,3.0,0.0,0.0,0.0,3.0,3.0,0.0,3.0,0.0,0.0,0.0,0.0,0.0,0.0,0.0,0.0,0.0,6.0,6.0,5.0,0.0,1.0,2019-07-08
1847667,1,6903.0,3.0,25.0,2019.0,2.0,10.0,26.0,245.0,57.0,14.0,1.0,26.0,1.0,0.0,0.0,002600100S00,45.0,29.0,50.7,-122.0,34.0,47.34,0.0,7.0,4.99,3.0,0.0,0.0,0.0,1.0,4.0,8.0,B,6,4.0,1.0,1.0,1.0,99.0,1.0,0.0,2.0,0.0,0.0,0.0,0.0,2.0,1.0,02B,293_21461,0.0,2.0,0.0,0.0,0.0,1.0,1.0,0.0,1.0,0.0,0.0,0.0,0.0,0.0,0.0,0.0,0.0,0.0,2.0,2.0,0.0,0.0,2.0,2019-03-25
1847722,1,3685.0,4.0,5.0,2019.0,6.0,7.0,26.0,245.0,57.0,14.0,1.0,26.0,1.0,0.0,0.0,002600100S00,45.0,29.0,50.78,-122.0,35.0,20.82,0.0,7.0,4.54,1.0,0.0,0.0,0.0,0.0,0.0,6.0,E,3,4.0,1.0,1.0,1.0,1.0,1.0,5.0,29.0,0.0,0.0,0.0,0.0,2.0,1.0,02B,293_19988,0.0,2.0,0.0,0.0,0.0,4.0,4.0,0.0,0.0,0.0,0.0,0.0,0.0,0.0,0.0,0.0,0.0,0.0,4.0,4.0,4.0,0.0,0.0,2019-04-05
1847889,1,3762.0,5.0,2.0,2019.0,5.0,14.0,26.0,245.0,57.0,14.0,1.0,26.0,1.0,0.0,0.0,002600100S00,45.0,29.0,52.89,-122.0,31.0,21.22,0.0,2.0,7.95,3.0,0.0,0.0,0.0,1.0,2.0,6.0,B,6,4.0,1.0,1.0,1.0,99.0,1.0,0.0,2.0,0.0,0.0,0.0,0.0,2.0,1.0,02B,293_14853,0.0,2.0,0.0,0.0,0.0,1.0,1.0,0.0,3.0,0.0,0.0,0.0,0.0,0.0,0.0,0.0,0.0,0.0,4.0,4.0,3.0,0.0,1.0,2019-05-02
1847898,1,7415.0,8.0,14.0,2019.0,4.0,7.0,26.0,247.0,57.0,16.0,0.0,26.0,2.0,0.0,0.0,002600200S00,45.0,30.0,10.97,-122.0,40.0,35.99,0.0,9.0,0.09,1.0,0.0,0.0,0.0,0.0,0.0,2.0,H,6,4.0,1.0,1.0,1.0,4.0,1.0,0.0,2.0,0.0,0.0,0.0,0.0,2.0,1.0,02B,293_6878,0.0,2.0,0.0,0.0,1.0,1.0,2.0,0.0,2.0,0.0,0.0,0.0,0.0,0.0,0.0,0.0,0.0,0.0,4.0,4.0,4.0,0.0,0.0,2019-08-14
1847900,1,3763.0,5.0,2.0,2019.0,5.0,17.0,26.0,245.0,57.0,14.0,1.0,26.0,1.0,0.0,0.0,002600100S00,45.0,29.0,49.12,-122.0,32.0,27.15,0.0,7.0,7.05,1.0,0.0,0.0,0.0,0.0,0.0,6.0,E,3,4.0,1.0,1.0,1.0,99.0,1.0,0.0,29.0,0.0,0.0,0.0,0.0,2.0,1.0,02B,293_17369,0.0,3.0,0.0,0.0,0.0,1.0,1.0,0.0,2.0,0.0,0.0,0.0,0.0,0.0,0.0,0.0,0.0,0.0,3.0,3.0,2.0,0.0,1.0,2019-05-02
1847935,1,8034.0,9.0,4.0,2019.0,4.0,17.0,26.0,245.0,57.0,14.0,1.0,26.0,1.0,0.0,0.0,002600100S00,45.0,29.0,51.06,-122.0,36.0,44.79,0.0,3.0,3.4,3.0,0.0,0.0,0.0,0.0,4.0,3.0,E,3,4.0,1.0,1.0,1.0,99.0,1.0,0.0,29.0,0.0,0.0,0.0,0.0,2.0,1.0,02B,293_2428,0.0,3.0,0.0,0.0,0.0,1.0,1.0,0.0,2.0,0.0,0.0,0.0,0.0,0.0,0.0,0.0,0.0,0.0,3.0,3.0,2.0,0.0,1.0,2019-09-04
1847949,1,8078.0,9.0,5.0,2019.0,5.0,14.0,26.0,245.0,57.0,14.0,1.0,26.0,1.0,0.0,0.0,002600100S00,45.0,30.0,5.3,-122.0,39.0,20.82,0.0,8.0,1.25,1.0,0.0,0.0,0.0,0.0,0.0,6.0,E,3,4.0,1.0,1.0,1.0,4.0,1.0,5.0,16.0,0.0,0.0,0.0,0.0,2.0,1.0,02B,293_10831,0.0,3.0,0.0,0.0,1.0,1.0,2.0,0.0,1.0,0.0,0.0,0.0,0.0,0.0,0.0,0.0,0.0,0.0,3.0,3.0,2.0,0.0,1.0,2019-09-05
1847958,1,2369.0,7.0,12.0,2019.0,6.0,20.0,3.0,0.0,57.0,14.0,1.0,26.0,1.0,0.0,0.0,002600100S00,45.0,26.0,37.79,-122.0,21.0,35.06,0.0,0.0,18.44,3.0,0.0,0.0,0.0,0.0,4.0,3.0,C,5,4.0,1.0,1.0,1.0,0.0,1.0,0.0,13.0,0.0,0.0,0.0,0.0,8.0,1.0,02C,293_760,0.0,2.0,0.0,0.0,0.0,1.0,1.0,0.0,1.0,0.0,0.0,0.0,0.0,0.0,0.0,0.0,0.0,0.0,2.0,2.0,1.0,0.0,1.0,2019-07-12
1848047,1,7447.0,8.0,15.0,2019.0,5.0,13.0,26.0,247.0,57.0,16.0,0.0,26.0,2.0,0.0,0.0,002600200S00,45.0,30.0,9.87,-122.0,40.0,34.42,0.0,8.0,0.12,3.0,0.0,0.0,0.0,0.0,3.0,5.0,E,3,4.0,1.0,1.0,1.0,19.0,1.0,3.0,7.0,0.0,0.0,0.0,0.0,2.0,1.0,02B,293_6878,0.0,2.0,0.0,0.0,0.0,1.0,1.0,0.0,1.0,0.0,0.0,0.0,0.0,0.0,0.0,0.0,0.0,0.0,2.0,2.0,2.0,0.0,0.0,2019-08-15
1848054,1,8711.0,9.0,19.0,2019.0,5.0,14.0,26.0,245.0,57.0,14.0,1.0,26.0,1.0,0.0,0.0,002600100S00,45.0,29.0,50.78,-122.0,35.0,23.64,0.0,7.0,4.5,1.0,0.0,0.0,0.0,0.0,0.0,6.0,E,3,4.0,1.0,1.0,1.0,1.0,1.0,0.0,29.0,0.0,0.0,0.0,0.0,2.0,1.0,02B,293_20036,0.0,2.0,0.0,0.0,0.0,1.0,1.0,0.0,1.0,0.0,0.0,0.0,0.0,0.0,0.0,0.0,0.0,0.0,2.0,2.0,2.0,0.0,0.0,2019-09-19
1848083,1,8721.0,9.0,24.0,2019.0,3.0,15.0,26.0,245.0,57.0,14.0,1.0,26.0,1.0,0.0,0.0,002600100S00,45.0,29.0,32.03,-122.0,29.0,3.43,0.0,4.0,9.89,3.0,0.0,1.0,0.0,0.0,3.0,4.0,C,5,4.0,1.0,1.0,1.0,99.0,1.0,0.0,13.0,0.0,0.0,0.0,0.0,2.0,1.0,02B,293_17397,0.0,2.0,0.0,0.0,0.0,1.0,1.0,0.0,1.0,0.0,0.0,0.0,0.0,0.0,0.0,0.0,0.0,0.0,2.0,2.0,2.0,0.0,0.0,2019-09-24
1848156,1,8760.0,9.0,25.0,2019.0,4.0,18.0,26.0,245.0,57.0,14.0,1.0,26.0,1.0,0.0,0.0,002600100S00,45.0,29.0,47.67,-122.0,30.0,17.86,0.0,8.0,8.84,3.0,0.0,0.0,0.0,0.0,2.0,3.0,C,3,4.0,1.0,1.0,1.0,99.0,1.0,5.0,29.0,0.0,0.0,0.0,0.0,2.0,1.0,02B,293_17373,0.0,3.0,0.0,0.0,0.0,2.0,2.0,0.0,1.0,0.0,0.0,0.0,0.0,0.0,0.0,0.0,0.0,0.0,3.0,3.0,3.0,0.0,0.0,2019-09-25
1848222,1,3848.0,5.0,4.0,2019.0,7.0,11.0,26.0,245.0,57.0,14.0,1.0,26.0,1.0,0.0,0.0,002600100S00,45.0,29.0,52.6,-122.0,38.0,22.63,0.0,8.0,2.07,1.0,0.0,0.0,0.0,0.0,0.0,6.0,E,3,4.0,1.0,1.0,1.0,1.0,1.0,5.0,29.0,0.0,0.0,0.0,0.0,2.0,1.0,02B,293_14612,0.0,2.0,0.0,0.0,0.0,1.0,1.0,0.0,1.0,0.0,0.0,0.0,0.0,0.0,0.0,0.0,0.0,0.0,2.0,2.0,2.0,0.0,0.0,2019-05-04
1848270,1,9703.0,9.0,4.0,2019.0,4.0,9.0,26.0,245.0,57.0,14.0,1.0,26.0,1.0,0.0,0.0,002600100S00,45.0,29.0,45.39,-122.0,33.0,21.57,0.0,7.0,6.31,1.0,0.0,0.0,0.0,0.0,0.0,6.0,E,3,4.0,1.0,1.0,1.0,1.0,1.0,0.0,29.0,0.0,0.0,0.0,0.0,2.0,1.0,02B,293_2424,0.0,2.0,0.0,0.0,0.0,2.0,2.0,0.0,1.0,0.0,0.0,0.0,0.0,0.0,0.0,0.0,0.0,0.0,3.0,3.0,0.0,0.0,3.0,2019-09-04
1848337,1,7541.0,8.0,18.0,2019.0,1.0,15.0,26.0,245.0,57.0,14.0,1.0,26.0,1.0,0.0,0.0,002600100S00,45.0,29.0,41.21,-122.0,29.0,47.96,0.0,8.0,9.27,1.0,0.0,0.0,0.0,0.0,0.0,6.0,E,3,4.0,1.0,1.0,1.0,1.0,1.0,3.0,29.0,0.0,0.0,0.0,1.0,2.0,1.0,02B,293_17374,0.0,2.0,0.0,0.0,0.0,1.0,1.0,0.0,1.0,0.0,0.0,0.0,0.0,0.0,0.0,0.0,0.0,0.0,2.0,2.0,1.0,0.0,1.0,2019-08-18
1848347,1,3887.0,5.0,6.0,2019.0,2.0,16.0,26.0,245.0,57.0,14.0,1.0,26.0,1.0,0.0,0.0,002600100S00,45.0,29.0,50.79,-122.0,35.0,20.83,0.0,3.0,4.54,1.0,0.0,0.0,0.0,0.0,0.0,5.0,E,3,4.0,1.0,1.0,1.0,99.0,1.0,0.0,29.0,0.0,0.0,0.0,0.0,2.0,1.0,02B,293_19988,0.0,3.0,0.0,0.0,1.0,0.0,1.0,0.0,2.0,0.0,0.0,0.0,0.0,0.0,0.0,0.0,0.0,0.0,3.0,3.0,3.0,0.0,0.0,2019-05-06
1848359,1,8827.0,9.0,28.0,2019.0,7.0,0.0,26.0,245.0,57.0,14.0,1.0,26.0,1.0,0.0,0.0,002600100S00,45.0,29.0,51.3,-122.0,31.0,30.79,0.0,9.0,7.81,1.0,0.0,0.0,0.0,1.0,0.0,3.0,B,1,4.0,1.0,2.0,2.0,4.0,1.0,3.0,3.0,0.0,0.0,0.0,1.0,2.0,1.0,02B,293_19871,0.0,2.0,0.0,0.0,0.0,1.0,1.0,0.0,1.0,0.0,0.0,0.0,0.0,0.0,0.0,0.0,0.0,0.0,2.0,2.0,1.0,0.0,1.0,2019-09-28
1848489,1,3940.0,5.0,7.0,2019.0,3.0,15.0,26.0,245.0,57.0,14.0,1.0,26.0,1.0,0.0,0.0,002600100S00,45.0,29.0,51.11,-122.0,36.0,45.38,0.0,9.0,3.39,1.0,0.0,0.0,0.0,0.0,0.0,3.0,H,6,4.0,1.0,1.0,1.0,90.0,1.0,5.0,2.0,0.0,0.0,0.0,0.0,2.0,1.0,02B,293_2430,0.0,2.0,0.0,0.0,0.0,1.0,1.0,0.0,1.0,0.0,0.0,0.0,0.0,0.0,0.0,0.0,0.0,0.0,2.0,2.0,2.0,0.0,0.0,2019-05-07
1848512,1,3959.0,5.0,8.0,2019.0,4.0,17.0,26.0,245.0,57.0,14.0,1.0,26.0,1.0,0.0,0.0,002600100S00,45.0,29.0,50.67,-122.0,34.0,43.34,0.0,3.0,5.04,1.0,0.0,0.0,0.0,0.0,0.0,6.0,E,3,4.0,1.0,1.0,1.0,1.0,1.0,0.0,29.0,0.0,0.0,0.0,0.0,2.0,1.0,02B,293_21461,0.0,2.0,0.0,0.0,0.0,1.0,1.0,0.0,1.0,0.0,0.0,0.0,0.0,0.0,0.0,0.0,0.0,0.0,2.0,2.0,2.0,0.0,0.0,2019-05-08
1848553,1,2485.0,7.0,21.0,2019.0,1.0,14.0,3.0,185.0,68.0,14.0,1.0,26.0,1.0,0.0,0.0,002600100S00,45.0,24.0,1.36,-122.0,16.0,41.56,0.0,8.0,23.45,1.0,0.0,0.0,0.0,0.0,0.0,6.0,E,3,4.0,1.0,1.0,1.0,1.0,1.0,0.0,29.0,0.0,0.0,0.0,0.0,4.0,1.0,02C,293_12198,0.0,2.0,0.0,0.0,0.0,1.0,1.0,0.0,1.0,0.0,0.0,0.0,0.0,0.0,0.0,0.0,0.0,0.0,2.0,2.0,1.0,0.0,1.0,2019-07-21
1848565,1,3981.0,5.0,1.0,2019.0,4.0,21.0,26.0,245.0,57.0,14.0,1.0,26.0,1.0,0.0,0.0,002600100S00,45.0,29.0,50.67,-122.0,34.0,43.34,0.0,3.0,5.04,1.0,0.0,0.0,0.0,0.0,0.0,6.0,E,3,4.0,1.0,1.0,2.0,1.0,1.0,0.0,29.0,0.0,0.0,0.0,0.0,2.0,1.0,02B,293_21461,0.0,2.0,0.0,0.0,0.0,1.0,1.0,0.0,1.0,0.0,0.0,0.0,0.0,0.0,0.0,0.0,0.0,0.0,2.0,2.0,1.0,0.0,1.0,2019-05-01
1848616,1,4012.0,5.0,9.0,2019.0,5.0,19.0,26.0,245.0,57.0,14.0,1.0,26.0,1.0,0.0,0.0,002600100S00,45.0,29.0,49.36,-122.0,37.0,34.31,0.0,3.0,2.73,1.0,0.0,0.0,0.0,0.0,0.0,6.0,E,3,4.0,1.0,1.0,1.0,99.0,1.0,3.0,29.0,0.0,0.0,0.0,0.0,2.0,1.0,02B,293_19139,0.0,2.0,0.0,0.0,0.0,1.0,1.0,0.0,2.0,0.0,0.0,0.0,0.0,0.0,0.0,0.0,0.0,0.0,3.0,3.0,2.0,0.0,1.0,2019-05-09
1848719,1,4068.0,5.0,11.0,2019.0,7.0,16.0,26.0,245.0,57.0,14.0,1.0,26.0,1.0,0.0,0.0,002600100S00,45.0,29.0,50.71,-122.0,34.0,48.16,0.0,3.0,4.98,3.0,0.0,0.0,0.0,1.0,4.0,6.0,B,6,4.0,1.0,1.0,1.0,99.0,1.0,3.0,1.0,1.0,0.0,1.0,0.0,2.0,1.0,02B,293_21461,0.0,2.0,0.0,0.0,2.0,0.0,2.0,0.0,0.0,0.0,0.0,0.0,0.0,0.0,0.0,0.0,0.0,0.0,2.0,2.0,2.0,0.0,0.0,2019-05-11
1848792,1,2581.0,7.0,30.0,2019.0,3.0,10.0,3.0,185.0,68.0,14.0,1.0,26.0,1.0,0.0,0.0,002600100S00,45.0,24.0,10.73,-122.0,17.0,8.39,0.0,8.0,23.03,3.0,0.0,0.0,0.0,0.0,4.0,3.0,E,3,4.0,1.0,1.0,1.0,0.0,1.0,3.0,27.0,0.0,0.0,0.0,0.0,4.0,1.0,02C,293_16426,0.0,3.0,0.0,0.0,0.0,1.0,1.0,0.0,2.0,0.0,0.0,0.0,0.0,0.0,0.0,0.0,0.0,0.0,3.0,3.0,3.0,0.0,0.0,2019-07-30
1848895,1,4128.0,5.0,13.0,2019.0,2.0,15.0,26.0,245.0,57.0,14.0,1.0,26.0,1.0,0.0,0.0,002600100S00,45.0,29.0,48.58,-122.0,37.0,56.87,0.0,9.0,2.43,1.0,0.0,0.0,0.0,0.0,0.0,4.0,B,6,4.0,1.0,1.0,1.0,4.0,1.0,0.0,3.0,0.0,0.0,0.0,0.0,2.0,1.0,02B,293_14613,0.0,2.0,0.0,0.0,0.0,1.0,1.0,0.0,2.0,0.0,0.0,0.0,0.0,0.0,0.0,0.0,0.0,0.0,3.0,3.0,3.0,0.0,0.0,2019-05-13
1848913,1,7542.0,8.0,18.0,2019.0,1.0,9.0,26.0,245.0,57.0,14.0,1.0,26.0,1.0,0.0,0.0,002600100S00,45.0,29.0,49.93,-122.0,32.0,3.01,0.0,7.0,7.38,1.0,0.0,0.0,0.0,0.0,0.0,5.0,B,6,4.0,2.0,1.0,1.0,4.0,1.0,3.0,7.0,0.0,0.0,0.0,1.0,2.0,1.0,02B,293_17370,0.0,2.0,0.0,0.0,0.0,1.0,1.0,0.0,1.0,0.0,0.0,0.0,0.0,0.0,0.0,0.0,0.0,0.0,2.0,2.0,1.0,0.0,1.0,2019-08-18
1849019,1,7589.0,8.0,20.0,2019.0,3.0,18.0,26.0,245.0,57.0,14.0,1.0,26.0,1.0,0.0,0.0,002600100S00,45.0,29.0,50.57,-122.0,34.0,6.56,0.0,7.0,5.59,1.0,0.0,0.0,0.0,0.0,0.0,6.0,E,3,4.0,1.0,1.0,1.0,1.0,1.0,5.0,29.0,0.0,0.0,0.0,0.0,2.0,1.0,02B,293_10834,0.0,3.0,0.0,0.0,0.0,2.0,2.0,0.0,2.0,0.0,0.0,0.0,0.0,0.0,0.0,0.0,0.0,0.0,4.0,4.0,4.0,0.0,0.0,2019-08-20
1849023,1,7590.0,8.0,20.0,2019.0,3.0,15.0,26.0,245.0,57.0,14.0,1.0,26.0,1.0,0.0,0.0,002600100S00,45.0,30.0,4.75,-122.0,39.0,17.95,0.0,8.0,1.29,3.0,0.0,0.0,0.0,0.0,4.0,4.0,E,3,4.0,1.0,1.0,1.0,99.0,1.0,5.0,29.0,0.0,0.0,0.0,0.0,2.0,1.0,02B,293_15034,0.0,4.0,0.0,0.0,0.0,1.0,1.0,0.0,5.0,0.0,0.0,0.0,0.0,0.0,0.0,0.0,0.0,0.0,6.0,6.0,5.0,0.0,1.0,2019-08-20
1849220,1,4220.0,5.0,14.0,2019.0,3.0,14.0,26.0,245.0,57.0,14.0,1.0,26.0,1.0,0.0,0.0,002600100S00,45.0,29.0,52.04,-122.0,38.0,15.32,0.0,3.0,2.17,1.0,0.0,0.0,0.0,0.0,0.0,6.0,E,3,4.0,2.0,2.0,1.0,1.0,1.0,0.0,29.0,0.0,0.0,0.0,0.0,2.0,1.0,02B,293_14612,0.0,2.0,0.0,0.0,0.0,1.0,1.0,0.0,1.0,0.0,0.0,0.0,0.0,0.0,0.0,0.0,0.0,0.0,2.0,2.0,1.0,0.0,1.0,2019-05-14
1849271,1,8130.0,9.0,8.0,2019.0,1.0,20.0,26.0,245.0,57.0,14.0,1.0,26.0,1.0,0.0,0.0,002600100S00,45.0,30.0,4.17,-122.0,39.0,15.17,0.0,4.0,1.32,1.0,0.0,0.0,0.0,0.0,0.0,9.0,E,3,4.0,3.0,2.0,2.0,1.0,1.0,3.0,29.0,1.0,0.0,0.0,1.0,2.0,1.0,02B,293_12192,0.0,3.0,0.0,0.0,0.0,1.0,1.0,0.0,4.0,0.0,0.0,0.0,0.0,0.0,0.0,0.0,0.0,0.0,5.0,5.0,5.0,0.0,0.0,2019-09-08
1849286,1,8190.0,9.0,9.0,2019.0,2.0,9.0,26.0,245.0,57.0,14.0,1.0,26.0,1.0,0.0,0.0,002600100S00,45.0,30.0,2.37,-122.0,39.0,7.69,0.0,9.0,1.43,1.0,0.0,0.0,0.0,0.0,0.0,3.0,H,6,4.0,1.0,1.0,1.0,4.0,1.0,5.0,2.0,0.0,0.0,0.0,0.0,2.0,1.0,02B,293_8487,0.0,2.0,0.0,0.0,1.0,1.0,2.0,0.0,2.0,0.0,0.0,0.0,0.0,0.0,0.0,0.0,0.0,0.0,4.0,4.0,3.0,0.0,1.0,2019-09-09
1849289,1,8201.0,9.0,10.0,2019.0,3.0,15.0,26.0,245.0,57.0,14.0,1.0,26.0,1.0,0.0,0.0,002600100S00,45.0,29.0,52.99,-122.0,30.0,38.24,0.0,8.0,8.55,1.0,0.0,0.0,0.0,0.0,0.0,6.0,E,3,4.0,1.0,1.0,1.0,1.0,1.0,0.0,29.0,0.0,0.0,0.0,0.0,2.0,1.0,02B,293_18831,0.0,2.0,0.0,0.0,0.0,1.0,1.0,0.0,1.0,0.0,0.0,0.0,0.0,0.0,0.0,0.0,0.0,0.0,2.0,2.0,0.0,0.0,2.0,2019-09-10
1849323,1,8261.0,9.0,11.0,2019.0,4.0,8.0,26.0,245.0,57.0,14.0,1.0,26.0,1.0,0.0,0.0,002600100S00,45.0,29.0,50.88,-122.0,35.0,57.8,0.0,9.0,4.04,1.0,0.0,0.0,0.0,0.0,0.0,2.0,B,1,4.0,1.0,1.0,1.0,4.0,1.0,5.0,2.0,0.0,0.0,0.0,0.0,2.0,1.0,02B,293_3100,0.0,2.0,0.0,0.0,1.0,1.0,2.0,0.0,0.0,0.0,0.0,0.0,0.0,0.0,0.0,0.0,0.0,0.0,2.0,2.0,1.0,0.0,1.0,2019-09-11
1849337,1,8291.0,9.0,12.0,2019.0,5.0,8.0,26.0,247.0,57.0,16.0,0.0,26.0,2.0,0.0,0.0,002600200S00,45.0,30.0,10.61,-122.0,40.0,35.54,0.0,4.0,0.09,3.0,0.0,0.0,0.0,0.0,4.0,6.0,E,3,4.0,1.0,1.0,1.0,99.0,1.0,0.0,29.0,0.0,0.0,0.0,0.0,2.0,1.0,02B,293_6878,0.0,2.0,0.0,0.0,0.0,2.0,2.0,0.0,1.0,0.0,0.0,0.0,0.0,0.0,0.0,0.0,0.0,0.0,3.0,3.0,3.0,0.0,0.0,2019-09-12
1849386,1,8322.0,9.0,12.0,2019.0,5.0,20.0,26.0,245.0,57.0,14.0,1.0,26.0,1.0,0.0,0.0,002600100S00,45.0,29.0,48.23,-122.0,32.0,44.26,0.0,7.0,6.82,3.0,0.0,0.0,0.0,0.0,2.0,3.0,E,3,4.0,3.0,2.0,2.0,99.0,1.0,5.0,29.0,0.0,0.0,0.0,0.0,2.0,1.0,02B,293_13269,0.0,3.0,0.0,0.0,0.0,2.0,2.0,0.0,2.0,0.0,0.0,0.0,0.0,0.0,0.0,0.0,0.0,0.0,4.0,4.0,2.0,0.0,2.0,2019-09-12
1849472,1,2697.0,8.0,8.0,2019.0,5.0,15.0,3.0,185.0,68.0,14.0,1.0,26.0,1.0,0.0,0.0,002600100S00,45.0,24.0,9.37,-122.0,17.0,4.55,0.0,4.0,23.09,3.0,0.0,0.0,0.0,0.0,4.0,5.0,C,3,4.0,1.0,1.0,1.0,1.0,1.0,0.0,29.0,0.0,0.0,0.0,0.0,4.0,1.0,02C,293_10837,0.0,2.0,0.0,0.0,0.0,1.0,1.0,0.0,1.0,0.0,0.0,0.0,0.0,0.0,0.0,0.0,0.0,0.0,2.0,2.0,1.0,0.0,1.0,2019-08-08
1849480,1,4286.0,5.0,16.0,2019.0,5.0,9.0,26.0,250.0,57.0,14.0,1.0,26.0,1.0,0.0,0.0,002600100S00,45.0,30.0,4.84,-122.0,39.0,47.44,0.0,7.0,0.89,8.0,0.0,0.0,0.0,0.0,4.0,6.0,C,3,4.0,1.0,1.0,1.0,99.0,1.0,0.0,29.0,0.0,0.0,0.0,0.0,2.0,1.0,02B,293_6794,0.0,2.0,0.0,0.0,0.0,1.0,1.0,0.0,1.0,0.0,0.0,0.0,0.0,0.0,0.0,0.0,0.0,0.0,2.0,2.0,1.0,0.0,1.0,2019-05-16