Crash ID,Record Type,Serial #,Crash Month,Crash Day,Crash Year,Week Day Code,Crash Hour,County Code,City Section ID,Urban Area Code,Functional Class Code,NHS Flag,Highway Number,Roadway Number,Highway Component,Mileage Type,Linear Reference System (LRS),Latitude Degrees,Latitude Minutes,Latitude Seconds,Longitude Degrees,Longitude Minutes,Longitude Seconds,Latitude (Decimal Degrees),Intersection Sequence Number,Distance from Intersection,Milepoint,Posted Speed Limit,Off Roadway Flag,Intersection Type,Intersection Related Flag,Roundabout Flag,Number of Turning Legs,Median Type,Impact Location,Crash Type,Collision Type,Crash Severity,Weather Condition,Road Surface Condition,Light Condition,Traffic Control Device (TCD),Crash Level Event 2 Code,School Zone Indicator,Work Zone Indicator,Secondary Crash Indicator,Alcohol-Involved Flag,Crash Marijuana Involved Flag,Population Range Code,Road Control,Route Type,Region ID,District ID,Segment Marker ID,Segment Point LRS Measure,Unlocatable Flag,Total Vehicle Count,Total Fatality Count,Total Suspected Serious Injury (A) Count,Total Suspected Minor Injury (B) Count,Total Possible Injury (C) Count,Total Non-Fatal Injury Count,Total Un-Injured  Children Age 00-04,Total Un-Injured Persons,Total Pedestrian Count,Total Pedestrian Fatality Count,Total Pedestrian Non-Fatal Injury Count,Total Pedalcyclist Count,Total Pedalcyclist Fatality Count,Total Pedalcyclist Non-Fatal Injury Count,Total Unknown Non-Motorist Count,Total Unknown Non-Motorist Fatality Count,Total Unknown Non-Motorist Injury Count,Total Vehicle Occupant Count,date
1849501,1,4289.0,5.0,16.0,2019.0,5.0,11.0,26.0,245.0,57.0,14.0,1.0,26.0,1.0,0.0,0.0,002600100S00,45.0,29.0,50.57,-122.0,34.0,6.56,0.0,7.0,5.59,1.0,0.0,0.0,0.0,0.0,0.0,6.0,E,3,4.0,1.0,1.0,1.0,1.0,1.0,0.0,29.0,0.0,0.0,0.0,0.0,2.0,1.0,02B,293_10834,0.0,2.0,0.0,0.0,0.0,4.0,4.0,3.0,1.0,0.0,0.0,0.0,0.0,0.0,0.0,0.0,0.0,0.0,5.0,5.0,5.0,0.0,0.0,2019-05-16
1849503,1,4290.0,5.0,16.0,2019.0,5.0,17.0,26.0,245.0,57.0,14.0,1.0,26.0,1.0,0.0,0.0,002600100S00,45.0,29.0,47.67,-122.0,32.0,52.73,0.0,9.0,6.71,1.0,0.0,0.0,0.0,0.0,0.0,3.0,H,6,4.0,1.0,1.0,1.0,1.0,1.0,5.0,2.0,0.0,0.0,0.0,0.0,2.0,1.0,02B,293_13269,0.0,2.0,0.0,0.0,2.0,1.0,3.0,0.0,0.0,0.0,0.0,0.0,0.0,0.0,0.0,0.0,0.0,0.0,3.0,3.0,3.0,0.0,0.0,2019-05-16
1849552,1,7770.0,8.0,20.0,2019.0,3.0,16.0,26.0,245.0,57.0,14.0,1.0,26.0,1.0,0.0,0.0,002600100S00,45.0,29.0,38.0,-122.0,29.0,32.28,0.0,4.0,9.48,1.0,0.0,0.0,0.0,0.0,0.0,6.0,E,3,4.0,1.0,1.0,1.0,4.0,1.0,5.0,7.0,0.0,0.0,0.0,0.0,2.0,1.0,02B,293_14879,0.0,2.0,0.0,0.0,0.0,1.0,1.0,0.0,1.0,0.0,0.0,0.0,0.0,0.0,0.0,0.0,0.0,0.0,2.0,2.0,1.0,0.0,1.0,2019-08-20
1849597,1,2733.0,8.0,9.0,2019.0,6.0,18.0,3.0,0.0,0.0,9.0,0.0,26.0,1.0,3.0,0.0,0026BF100S00,45.0,18.0,9.9,-121.0,46.0,9.61,0.0,0.0,52.85,1.0,0.0,0.0,0.0,0.0,0.0,6.0,E,3,4.0,1.0,1.0,1.0,4.0,1.0,5.0,29.0,0.0,0.0,0.0,0.0,5.0,1.0,02C,293_1896,0.0,2.0,0.0,0.0,0.0,3.0,3.0,0.0,2.0,0.0,0.0,0.0,0.0,0.0,0.0,0.0,0.0,0.0,5.0,5.0,5.0,0.0,0.0,2019-08-09
1849637,1,7815.0,8.0,28.0,2019.0,4.0,14.0,26.0,245.0,57.0,14.0,1.0,26.0,1.0,0.0,0.0,002600100S00,45.0,29.0,50.55,-122.0,33.0,56.99,0.0,3.0,5.72,3.0,0.0,0.0,0.0,0.0,4.0,4.0,E,3,4.0,1.0,1.0,1.0,99.0,1.0,0.0,29.0,0.0,0.0,0.0,0.0,2.0,1.0,02B,293_6800,0.0,2.0,0.0,0.0,0.0,1.0,1.0,0.0,1.0,0.0,0.0,0.0,0.0,0.0,0.0,0.0,0.0,0.0,2.0,2.0,1.0,0.0,1.0,2019-08-28
1849683,1,4320.0,5.0,17.0,2019.0,6.0,99.0,26.0,245.0,57.0,14.0,1.0,26.0,1.0,0.0,0.0,002600100S00,45.0,29.0,53.0,-122.0,30.0,38.24,0.0,8.0,8.55,1.0,0.0,0.0,0.0,0.0,0.0,6.0,E,3,4.0,0.0,0.0,0.0,1.0,1.0,0.0,29.0,0.0,0.0,0.0,0.0,2.0,1.0,02B,293_18831,0.0,2.0,0.0,0.0,0.0,1.0,1.0,0.0,1.0,0.0,0.0,0.0,0.0,0.0,0.0,0.0,0.0,0.0,2.0,2.0,0.0,0.0,2.0,2019-05-17
1849777,1,4348.0,5.0,18.0,2019.0,7.0,5.0,26.0,245.0,57.0,14.0,1.0,26.0,1.0,0.0,0.0,002600100S00,45.0,29.0,50.8,-122.0,35.0,23.66,0.0,7.0,4.5,1.0,0.0,0.0,0.0,0.0,0.0,6.0,C,3,4.0,2.0,1.0,4.0,99.0,1.0,3.0,29.0,0.0,0.0,0.0,0.0,2.0,1.0,02B,293_20036,0.0,2.0,0.0,0.0,0.0,2.0,2.0,0.0,1.0,0.0,0.0,0.0,0.0,0.0,0.0,0.0,0.0,0.0,3.0,3.0,0.0,0.0,3.0,2019-05-18
1849815,1,2825.0,8.0,17.0,2019.0,7.0,19.0,3.0,0.0,0.0,2.0,1.0,26.0,1.0,0.0,0.0,002600100S00,45.0,20.0,43.75,-121.0,57.0,10.45,0.0,3.0,41.08,1.0,0.0,0.0,0.0,0.0,0.0,6.0,D,3,4.0,1.0,1.0,1.0,0.0,1.0,1.0,29.0,0.0,0.0,0.0,0.0,5.0,1.0,02C,293_17411,0.0,2.0,0.0,0.0,0.0,1.0,1.0,0.0,2.0,0.0,0.0,0.0,0.0,0.0,0.0,0.0,0.0,0.0,3.0,3.0,3.0,0.0,0.0,2019-08-17
1849893,1,2838.0,8.0,18.0,2019.0,1.0,13.0,3.0,0.0,0.0,2.0,1.0,26.0,1.0,0.0,0.0,002600100S00,45.0,18.0,7.51,-121.0,44.0,46.25,0.0,9.0,53.99,1.0,0.0,0.0,0.0,0.0,0.0,1.0,B,6,4.0,1.0,1.0,1.0,2.0,1.0,1.0,2.0,0.0,0.0,0.0,0.0,5.0,1.0,02C,293_2418,0.0,2.0,0.0,0.0,3.0,2.0,5.0,0.0,1.0,0.0,0.0,0.0,0.0,0.0,0.0,0.0,0.0,0.0,6.0,6.0,4.0,2.0,0.0,2019-08-18
1849940,1,2851.0,8.0,19.0,2019.0,2.0,16.0,3.0,185.0,68.0,14.0,1.0,26.0,1.0,0.0,0.0,002600100S00,45.0,24.0,9.74,-122.0,17.0,5.65,0.0,9.0,23.08,1.0,0.0,0.0,0.0,1.0,0.0,1.0,H,6,4.0,1.0,1.0,1.0,1.0,1.0,3.0,2.0,0.0,0.0,0.0,0.0,4.0,1.0,02C,293_10837,0.0,2.0,0.0,0.0,1.0,1.0,2.0,0.0,1.0,0.0,0.0,0.0,0.0,0.0,0.0,0.0,0.0,0.0,3.0,3.0,3.0,0.0,0.0,2019-08-19
1849971,1,4389.0,5.0,19.0,2019.0,1.0,19.0,26.0,245.0,57.0,14.0,1.0,26.0,1.0,0.0,0.0,002600100S00,45.0,29.0,50.0,-122.0,31.0,59.34,0.0,7.0,7.44,1.0,1.0,0.0,0.0,0.0,0.0,6.0,8,9,4.0,3.0,2.0,1.0,99.0,1.0,3.0,1.0,1.0,0.0,1.0,0.0,2.0,1.0,02B,293_17370,0.0,1.0,0.0,0.0,1.0,0.0,1.0,0.0,0.0,0.0,0.0,0.0,0.0,0.0,0.0,0.0,0.0,0.0,1.0,1.0,0.0,0.0,1.0,2019-05-19
1850002,1,8418.0,9.0,16.0,2019.0,2.0,17.0,26.0,245.0,57.0,14.0,1.0,26.0,1.0,0.0,0.0,002600100S00,45.0,29.0,41.91,-122.0,29.0,51.41,0.0,8.0,9.22,3.0,0.0,0.0,0.0,0.0,2.0,3.0,E,3,4.0,3.0,2.0,1.0,99.0,1.0,0.0,29.0,0.0,0.0,0.0,0.0,2.0,1.0,02B,293_18833,0.0,2.0,0.0,0.0,0.0,1.0,1.0,0.0,1.0,0.0,0.0,0.0,0.0,0.0,0.0,0.0,0.0,0.0,2.0,2.0,1.0,0.0,1.0,2019-09-16
1850038,1,8506.0,9.0,18.0,2019.0,4.0,18.0,26.0,245.0,57.0,14.0,1.0,26.0,1.0,0.0,0.0,002600100S00,45.0,29.0,45.35,-122.0,33.0,35.65,0.0,7.0,6.12,3.0,0.0,0.0,0.0,0.0,2.0,4.0,E,3,4.0,3.0,2.0,1.0,99.0,1.0,5.0,29.0,0.0,0.0,0.0,0.0,2.0,1.0,02B,293_2425,0.0,3.0,0.0,0.0,0.0,1.0,1.0,0.0,2.0,0.0,0.0,0.0,0.0,0.0,0.0,0.0,0.0,0.0,3.0,3.0,1.0,0.0,2.0,2019-09-18
1850223,1,8282.0,8.0,26.0,2019.0,2.0,18.0,26.0,245.0,57.0,14.0,1.0,26.0,1.0,0.0,0.0,002600100S00,45.0,29.0,50.73,-122.0,34.0,51.34,0.0,9.0,4.94,1.0,0.0,0.0,0.0,1.0,0.0,2.0,B,6,4.0,1.0,1.0,1.0,4.0,1.0,3.0,2.0,0.0,0.0,0.0,1.0,2.0,1.0,02B,293_19989,0.0,2.0,0.0,0.0,0.0,1.0,1.0,0.0,1.0,0.0,0.0,0.0,0.0,0.0,0.0,0.0,0.0,0.0,2.0,2.0,0.0,0.0,2.0,2019-08-26
1850230,1,4434.0,5.0,21.0,2019.0,3.0,15.0,26.0,245.0,57.0,14.0,1.0,26.0,1.0,0.0,0.0,002600100S00,45.0,29.0,50.73,-122.0,34.0,51.34,0.0,7.0,4.94,1.0,0.0,0.0,0.0,0.0,0.0,6.0,E,3,4.0,1.0,1.0,1.0,99.0,1.0,5.0,29.0,0.0,0.0,0.0,0.0,2.0,1.0,02B,293_19989,0.0,2.0,0.0,0.0,0.0,2.0,2.0,0.0,1.0,0.0,0.0,0.0,0.0,0.0,0.0,0.0,0.0,0.0,3.0,3.0,3.0,0.0,0.0,2019-05-21
1850352,1,8973.0,10.0,1.0,2019.0,3.0,22.0,26.0,245.0,57.0,14.0,1.0,26.0,1.0,0.0,0.0,002600100S00,45.0,29.0,38.61,-122.0,29.0,34.99,0.0,9.0,9.46,1.0,0.0,0.0,0.0,0.0,0.0,3.0,B,6,4.0,1.0,1.0,2.0,4.0,1.0,5.0,2.0,0.0,0.0,0.0,0.0,2.0,1.0,02B,293_18834,0.0,2.0,0.0,0.0,0.0,2.0,2.0,0.0,1.0,0.0,0.0,0.0,0.0,0.0,0.0,0.0,0.0,0.0,3.0,3.0,3.0,0.0,0.0,2019-10-01
1850368,1,8984.0,10.0,1.0,2019.0,3.0,15.0,26.0,245.0,57.0,14.0,1.0,26.0,1.0,0.0,0.0,002600100S00,45.0,29.0,49.37,-122.0,32.0,19.45,0.0,7.0,7.16,2.0,0.0,0.0,0.0,0.0,2.0,3.0,B,6,4.0,1.0,1.0,1.0,99.0,1.0,5.0,2.0,0.0,0.0,0.0,0.0,2.0,1.0,02B,293_18791,0.0,2.0,0.0,0.0,1.0,1.0,2.0,0.0,0.0,0.0,0.0,0.0,0.0,0.0,0.0,0.0,0.0,0.0,2.0,2.0,1.0,0.0,1.0,2019-10-01
1850651,1,4392.0,12.0,8.0,2019.0,1.0,13.0,3.0,185.0,68.0,14.0,1.0,26.0,1.0,0.0,0.0,002600100S00,45.0,24.0,9.01,-122.0,17.0,3.44,0.0,4.0,23.1,3.0,0.0,1.0,0.0,0.0,4.0,5.0,E,3,4.0,1.0,1.0,1.0,99.0,1.0,3.0,7.0,0.0,0.0,1.0,0.0,4.0,1.0,02C,293_10837,0.0,2.0,0.0,0.0,0.0,1.0,1.0,0.0,1.0,0.0,0.0,0.0,0.0,0.0,0.0,0.0,0.0,0.0,2.0,2.0,2.0,0.0,0.0,2019-12-08
1850653,1,9077.0,10.0,4.0,2019.0,6.0,19.0,26.0,245.0,57.0,14.0,1.0,26.0,1.0,0.0,0.0,002600100S00,45.0,29.0,50.59,-122.0,34.0,6.57,0.0,9.0,5.59,1.0,0.0,0.0,0.0,0.0,0.0,4.0,B,1,4.0,3.0,2.0,2.0,1.0,1.0,3.0,33.0,1.0,0.0,0.0,1.0,2.0,1.0,02B,293_10834,0.0,2.0,0.0,0.0,0.0,1.0,1.0,0.0,1.0,0.0,0.0,0.0,0.0,0.0,0.0,0.0,0.0,0.0,2.0,2.0,1.0,0.0,1.0,2019-10-04
1850737,1,9091.0,10.0,4.0,2019.0,6.0,15.0,26.0,245.0,57.0,14.0,1.0,26.0,1.0,0.0,0.0,002600100S00,45.0,29.0,50.67,-122.0,34.0,26.59,0.0,7.0,5.32,1.0,0.0,0.0,0.0,0.0,0.0,6.0,E,3,4.0,1.0,1.0,1.0,1.0,1.0,5.0,29.0,0.0,0.0,0.0,0.0,2.0,1.0,02B,293_10833,0.0,2.0,0.0,0.0,0.0,4.0,4.0,0.0,2.0,0.0,0.0,0.0,0.0,0.0,0.0,0.0,0.0,0.0,6.0,6.0,6.0,0.0,0.0,2019-10-04
1850744,1,4541.0,5.0,24.0,2019.0,6.0,16.0,26.0,245.0,57.0,14.0,1.0,26.0,1.0,0.0,0.0,002600100S00,45.0,29.0,53.01,-122.0,30.0,38.24,0.0,4.0,8.55,1.0,0.0,0.0,0.0,0.0,0.0,6.0,E,3,4.0,1.0,1.0,1.0,1.0,1.0,5.0,29.0,0.0,0.0,0.0,0.0,2.0,1.0,02B,293_18831,0.0,2.0,0.0,0.0,0.0,1.0,1.0,0.0,1.0,0.0,0.0,0.0,0.0,0.0,0.0,0.0,0.0,0.0,2.0,2.0,1.0,0.0,1.0,2019-05-24
1850772,1,8939.0,9.0,30.0,2019.0,2.0,17.0,26.0,245.0,57.0,14.0,1.0,26.0,1.0,0.0,0.0,002600100S00,45.0,29.0,47.82,-122.0,32.0,50.42,0.0,3.0,6.74,2.0,0.0,0.0,0.0,0.0,3.0,4.0,B,6,4.0,1.0,1.0,1.0,99.0,1.0,5.0,2.0,0.0,0.0,0.0,0.0,2.0,1.0,02B,293_13269,0.0,2.0,0.0,0.0,0.0,1.0,1.0,0.0,3.0,0.0,0.0,0.0,0.0,0.0,0.0,0.0,0.0,0.0,4.0,4.0,4.0,0.0,0.0,2019-09-30
1850791,1,10167.0,11.0,1.0,2019.0,6.0,17.0,26.0,245.0,57.0,14.0,1.0,26.0,1.0,0.0,0.0,002600100S00,45.0,29.0,51.3,-122.0,38.0,11.68,0.0,9.0,2.22,1.0,0.0,0.0,0.0,0.0,0.0,3.0,D,6,4.0,1.0,1.0,5.0,4.0,1.0,3.0,8.0,0.0,0.0,0.0,0.0,2.0,1.0,02B,293_13691,0.0,2.0,0.0,1.0,0.0,0.0,1.0,0.0,2.0,0.0,0.0,0.0,0.0,0.0,0.0,0.0,0.0,0.0,3.0,3.0,3.0,0.0,0.0,2019-11-01
1850810,1,10226.0,11.0,2.0,2019.0,7.0,13.0,26.0,245.0,57.0,14.0,1.0,26.0,1.0,0.0,0.0,002600100S00,45.0,29.0,44.61,-122.0,33.0,31.3,0.0,7.0,6.18,3.0,0.0,0.0,0.0,0.0,2.0,4.0,E,3,4.0,1.0,1.0,1.0,99.0,1.0,0.0,29.0,0.0,0.0,0.0,0.0,2.0,1.0,02B,293_2425,0.0,2.0,0.0,0.0,0.0,1.0,1.0,0.0,1.0,0.0,0.0,0.0,0.0,0.0,0.0,0.0,0.0,0.0,2.0,2.0,1.0,0.0,1.0,2019-11-02
1850874,1,10314.0,11.0,5.0,2019.0,3.0,15.0,26.0,245.0,57.0,14.0,1.0,26.0,1.0,0.0,0.0,002600100S00,45.0,29.0,50.63,-122.0,37.0,17.68,0.0,7.0,2.96,2.0,0.0,0.0,0.0,0.0,6.0,3.0,H,6,4.0,1.0,1.0,1.0,99.0,1.0,0.0,2.0,0.0,0.0,0.0,0.0,2.0,1.0,02B,293_19721,0.0,2.0,0.0,0.0,0.0,1.0,1.0,0.0,1.0,0.0,0.0,0.0,0.0,0.0,0.0,0.0,0.0,0.0,2.0,2.0,1.0,0.0,1.0,2019-11-05
1850879,1,4567.0,5.0,25.0,2019.0,7.0,14.0,26.0,245.0,57.0,14.0,1.0,26.0,1.0,0.0,0.0,002600100S00,45.0,29.0,50.41,-122.0,31.0,52.17,0.0,7.0,7.53,1.0,0.0,0.0,0.0,0.0,0.0,6.0,E,3,4.0,1.0,1.0,1.0,99.0,1.0,0.0,29.0,0.0,0.0,0.0,0.0,2.0,1.0,02B,293_19391,0.0,3.0,0.0,0.0,0.0,3.0,3.0,0.0,1.0,0.0,0.0,0.0,0.0,0.0,0.0,0.0,0.0,0.0,4.0,4.0,3.0,0.0,1.0,2019-05-25
1850898,1,4570.0,5.0,25.0,2019.0,7.0,22.0,26.0,245.0,57.0,14.0,1.0,26.0,1.0,0.0,0.0,002600100S00,45.0,29.0,51.95,-122.0,31.0,26.78,0.0,7.0,7.87,3.0,1.0,0.0,0.0,0.0,2.0,5.0,B,1,4.0,3.0,2.0,2.0,99.0,1.0,3.0,1.0,0.0,1.0,1.0,1.0,2.0,1.0,02B,293_20834,0.0,3.0,0.0,0.0,0.0,1.0,1.0,0.0,1.0,0.0,0.0,0.0,0.0,0.0,0.0,0.0,0.0,0.0,2.0,2.0,1.0,0.0,1.0,2019-05-25
1850911,1,10321.0,11.0,5.0,2019.0,3.0,19.0,26.0,245.0,57.0,14.0,1.0,26.0,1.0,0.0,0.0,002600100S00,45.0,29.0,47.06,-122.0,32.0,59.37,0.0,7.0,6.61,2.0,0.0,0.0,0.0,0.0,2.0,4.0,B,6,4.0,1.0,1.0,2.0,99.0,1.0,5.0,2.0,0.0,0.0,0.0,0.0,2.0,1.0,02B,293_14851,0.0,2.0,0.0,0.0,0.0,1.0,1.0,0.0,1.0,0.0,0.0,0.0,0.0,0.0,0.0,0.0,0.0,0.0,2.0,2.0,0.0,0.0,2.0,2019-11-05
1850939,1,10343.0,11.0,6.0,2019.0,4.0,10.0,26.0,245.0,57.0,14.0,1.0,26.0,1.0,0.0,0.0,002600100S00,45.0,29.0,46.12,-122.0,33.0,38.45,0.0,3.0,6.08,3.0,0.0,0.0,0.0,0.0,2.0,4.0,G,2,4.0,1.0,1.0,1.0,0.0,1.0,3.0,5.0,0.0,1.0,0.0,1.0,2.0,1.0,02B,293_2425,0.0,3.0,0.0,0.0,0.0,2.0,2.0,0.0,1.0,0.0,0.0,0.0,0.0,0.0,0.0,0.0,0.0,0.0,3.0,3.0,1.0,0.0,2.0,2019-11-06
1850968,1,9161.0,10.0,6.0,2019.0,1.0,1.0,26.0,245.0,57.0,14.0,1.0,26.0,1.0,0.0,0.0,002600100S00,45.0,29.0,49.33,-122.0,33.0,49.87,0.0,3.0,5.81,3.0,0.0,0.0,0.0,0.0,4.0,4.0,2,3,4.0,1.0,1.0,2.0,99.0,1.0,3.0,1.0,1.0,0.0,1.0,0.0,2.0,1.0,02B,293_25907,0.0,3.0,0.0,0.0,0.0,2.0,2.0,0.0,6.0,0.0,0.0,0.0,0.0,0.0,0.0,0.0,0.0,0.0,8.0,8.0,0.0,7.0,1.0,2019-10-06
1850983,1,9205.0,10.0,7.0,2019.0,2.0,19.0,26.0,245.0,57.0,14.0,1.0,26.0,1.0,0.0,0.0,002600100S00,45.0,29.0,49.31,-122.0,32.0,21.76,0.0,7.0,7.13,1.0,0.0,0.0,0.0,0.0,0.0,6.0,E,3,4.0,1.0,1.0,2.0,4.0,1.0,5.0,29.0,0.0,0.0,0.0,0.0,2.0,1.0,02B,293_16246,0.0,2.0,0.0,0.0,0.0,2.0,2.0,0.0,1.0,0.0,0.0,0.0,0.0,0.0,0.0,0.0,0.0,0.0,3.0,3.0,2.0,0.0,1.0,2019-10-07
1851014,1,4611.0,5.0,6.0,2019.0,2.0,12.0,26.0,245.0,57.0,14.0,1.0,26.0,1.0,0.0,0.0,002600100S00,45.0,29.0,50.67,-122.0,34.0,43.34,0.0,3.0,5.04,1.0,0.0,0.0,0.0,0.0,0.0,6.0,E,3,4.0,1.0,1.0,1.0,1.0,1.0,0.0,29.0,0.0,0.0,0.0,0.0,2.0,1.0,02B,293_21461,0.0,2.0,0.0,0.0,0.0,3.0,3.0,0.0,1.0,0.0,0.0,0.0,0.0,0.0,0.0,0.0,0.0,0.0,4.0,4.0,3.0,0.0,1.0,2019-05-06
1851035,1,10390.0,11.0,7.0,2019.0,5.0,21.0,26.0,245.0,57.0,14.0,1.0,26.0,1.0,0.0,0.0,002600100S00,45.0,29.0,48.29,-122.0,32.0,43.49,0.0,3.0,6.83,1.0,0.0,0.0,0.0,0.0,0.0,6.0,E,3,4.0,1.0,1.0,2.0,4.0,1.0,3.0,29.0,1.0,0.0,0.0,0.0,2.0,1.0,02B,293_13269,0.0,2.0,0.0,0.0,0.0,1.0,1.0,0.0,1.0,0.0,0.0,0.0,0.0,0.0,0.0,0.0,0.0,0.0,2.0,2.0,0.0,0.0,2.0,2019-11-07
1851041,1,10405.0,11.0,7.0,2019.0,5.0,14.0,26.0,245.0,57.0,14.0,1.0,26.0,1.0,0.0,0.0,002600100S00,45.0,29.0,50.88,-122.0,36.0,6.63,0.0,9.0,3.92,1.0,0.0,0.0,0.0,0.0,0.0,4.0,B,1,4.0,1.0,1.0,1.0,4.0,1.0,3.0,2.0,0.0,0.0,0.0,1.0,2.0,1.0,02B,293_14615,0.0,2.0,0.0,0.0,0.0,1.0,1.0,0.0,1.0,0.0,0.0,0.0,0.0,0.0,0.0,0.0,0.0,0.0,2.0,2.0,1.0,0.0,1.0,2019-11-07
1851062,1,4625.0,5.0,26.0,2019.0,1.0,20.0,26.0,245.0,57.0,11.0,1.0,26.0,1.0,6.0,0.0,0026AF100S00,45.0,29.0,50.6,-122.0,33.0,59.5,0.0,7.0,5.69,1.0,0.0,0.0,0.0,0.0,0.0,6.0,C,3,4.0,1.0,1.0,1.0,1.0,1.0,0.0,29.0,0.0,0.0,0.0,0.0,2.0,1.0,02B,293_6305,0.0,2.0,0.0,0.0,0.0,1.0,1.0,0.0,1.0,0.0,0.0,0.0,0.0,0.0,0.0,0.0,0.0,0.0,2.0,2.0,2.0,0.0,0.0,2019-05-26
1851072,1,4629.0,5.0,26.0,2019.0,1.0,3.0,26.0,245.0,57.0,14.0,1.0,26.0,1.0,0.0,0.0,002600100S00,45.0,29.0,49.82,-122.0,32.0,6.19,0.0,3.0,7.34,3.0,1.0,0.0,0.0,0.0,2.0,5.0,3,0,4.0,2.0,1.0,2.0,99.0,1.0,3.0,27.0,1.0,1.0,0.0,1.0,2.0,1.0,02B,293_20865,0.0,1.0,0.0,0.0,0.0,1.0,1.0,0.0,1.0,1.0,0.0,1.0,0.0,0.0,0.0,0.0,0.0,0.0,1.0,2.0,0.0,0.0,1.0,2019-05-26
1851075,1,9229.0,10.0,7.0,2019.0,2.0,19.0,26.0,245.0,57.0,14.0,1.0,26.0,1.0,0.0,0.0,002600100S00,45.0,29.0,50.78,-122.0,35.0,24.42,0.0,7.0,4.49,2.0,0.0,0.0,0.0,0.0,4.0,6.0,B,6,4.0,1.0,1.0,2.0,99.0,1.0,5.0,2.0,0.0,0.0,0.0,0.0,2.0,1.0,02B,293_20036,0.0,2.0,0.0,0.0,1.0,0.0,1.0,0.0,1.0,0.0,0.0,0.0,0.0,0.0,0.0,0.0,0.0,0.0,2.0,2.0,2.0,0.0,0.0,2019-10-07
1851097,1,4643.0,5.0,27.0,2019.0,2.0,18.0,26.0,245.0,57.0,14.0,1.0,26.0,1.0,0.0,0.0,002600100S00,45.0,29.0,50.43,-122.0,37.0,21.37,0.0,7.0,2.91,1.0,0.0,0.0,0.0,0.0,0.0,6.0,E,3,4.0,1.0,1.0,1.0,22.0,1.0,3.0,29.0,0.0,0.0,0.0,1.0,2.0,1.0,02B,293_19721,0.0,2.0,0.0,0.0,0.0,2.0,2.0,0.0,2.0,0.0,0.0,0.0,0.0,0.0,0.0,0.0,0.0,0.0,4.0,4.0,3.0,0.0,1.0,2019-05-27
1851131,1,4674.0,5.0,28.0,2019.0,3.0,16.0,26.0,245.0,57.0,14.0,1.0,26.0,1.0,0.0,0.0,002600100S00,45.0,29.0,50.67,-122.0,34.0,43.34,0.0,5.0,5.04,1.0,0.0,0.0,0.0,0.0,0.0,6.0,E,3,4.0,1.0,1.0,1.0,1.0,1.0,0.0,29.0,0.0,0.0,0.0,0.0,2.0,1.0,02B,293_21461,0.0,2.0,0.0,0.0,0.0,1.0,1.0,0.0,1.0,0.0,0.0,0.0,0.0,0.0,0.0,0.0,0.0,0.0,2.0,2.0,1.0,0.0,1.0,2019-05-28
1851142,1,9280.0,10.0,4.0,2019.0,6.0,15.0,26.0,245.0,57.0,14.0,1.0,26.0,1.0,0.0,0.0,002600100S00,45.0,29.0,49.36,-122.0,37.0,34.31,0.0,7.0,2.73,1.0,0.0,0.0,0.0,0.0,0.0,6.0,E,3,4.0,1.0,1.0,1.0,4.0,1.0,0.0,29.0,0.0,0.0,0.0,0.0,2.0,1.0,02B,293_19139,0.0,2.0,0.0,0.0,0.0,1.0,1.0,0.0,1.0,0.0,0.0,0.0,0.0,0.0,0.0,0.0,0.0,0.0,2.0,2.0,1.0,0.0,1.0,2019-10-04
1851178,1,10484.0,11.0,10.0,2019.0,1.0,16.0,26.0,245.0,57.0,14.0,1.0,26.0,1.0,0.0,0.0,002600100S00,45.0,29.0,44.71,-122.0,33.0,29.79,0.0,3.0,6.2,1.0,0.0,0.0,0.0,0.0,0.0,6.0,E,3,4.0,1.0,2.0,5.0,4.0,1.0,0.0,29.0,0.0,0.0,0.0,0.0,2.0,1.0,02B,293_2424,0.0,2.0,0.0,0.0,0.0,2.0,2.0,0.0,2.0,0.0,0.0,0.0,0.0,0.0,0.0,0.0,0.0,0.0,4.0,4.0,3.0,0.0,1.0,2019-11-10
1851189,1,10550.0,11.0,12.0,2019.0,3.0,9.0,26.0,245.0,57.0,14.0,1.0,26.0,1.0,0.0,0.0,002600100S00,45.0,30.0,4.91,-122.0,39.0,18.65,0.0,8.0,1.28,3.0,0.0,0.0,0.0,0.0,6.0,8.0,C,3,4.0,3.0,2.0,1.0,99.0,1.0,0.0,29.0,0.0,0.0,0.0,0.0,2.0,1.0,02B,293_15034,0.0,2.0,0.0,0.0,0.0,1.0,1.0,0.0,1.0,0.0,0.0,0.0,0.0,0.0,0.0,0.0,0.0,0.0,2.0,2.0,1.0,0.0,1.0,2019-11-12