Crash ID,Record Type,Serial #,Crash Month,Crash Day,Crash Year,Week Day Code,Crash Hour,County Code,City Section ID,Urban Area Code,Functional Class Code,NHS Flag,Highway Number,Roadway Number,Highway Component,Mileage Type,Linear Reference System (LRS),Latitude Degrees,Latitude Minutes,Latitude Seconds,Longitude Degrees,Longitude Minutes,Longitude Seconds,Latitude (Decimal Degrees),Intersection Sequence Number,Distance from Intersection,Milepoint,Posted Speed Limit,Off Roadway Flag,Intersection Type,Intersection Related Flag,Roundabout Flag,Number of Turning Legs,Median Type,Impact Location,Crash Type,Collision Type,Crash Severity,Weather Condition,Road Surface Condition,Light Condition,Traffic Control Device (TCD),Crash Level Event 2 Code,School Zone Indicator,Work Zone Indicator,Secondary Crash Indicator,Alcohol-Involved Flag,Crash Marijuana Involved Flag,Population Range Code,Road Control,Route Type,Region ID,District ID,Segment Marker ID,Segment Point LRS Measure,Unlocatable Flag,Total Vehicle Count,Total Fatality Count,Total Suspected Serious Injury (A) Count,Total Suspected Minor Injury (B) Count,Total Possible Injury (C) Count,Total Non-Fatal Injury Count,Total Un-Injured  Children Age 00-04,Total Un-Injured Persons,Total Pedestrian Count,Total Pedestrian Fatality Count,Total Pedestrian Non-Fatal Injury Count,Total Pedalcyclist Count,Total Pedalcyclist Fatality Count,Total Pedalcyclist Non-Fatal Injury Count,Total Unknown Non-Motorist Count,Total Unknown Non-Motorist Fatality Count,Total Unknown Non-Motorist Injury Count,Total Vehicle Occupant Count,date
1851193,1,2932.0,8.0,25.0,2019.0,1.0,13.0,3.0,0.0,57.0,14.0,1.0,26.0,2.0,0.0,0.0,002600200S00,45.0,26.0,36.19,-122.0,21.0,32.29,0.0,0.0,18.49,3.0,0.0,0.0,0.0,0.0,4.0,6.0,G,2,4.0,1.0,0.0,1.0,0.0,1.0,1.0,7.0,0.0,0.0,0.0,0.0,8.0,1.0,02C,293_6253,0.0,3.0,0.0,0.0,3.0,1.0,4.0,0.0,2.0,0.0,0.0,0.0,0.0,0.0,0.0,0.0,0.0,0.0,6.0,6.0,6.0,0.0,0.0,2019-08-25
1851272,1,10662.0,11.0,15.0,2019.0,6.0,22.0,26.0,245.0,57.0,14.0,1.0,26.0,1.0,0.0,0.0,002600100S00,45.0,29.0,50.63,-122.0,34.0,14.17,0.0,9.0,5.49,1.0,0.0,0.0,0.0,0.0,0.0,3.0,B,6,4.0,1.0,1.0,2.0,4.0,1.0,0.0,2.0,0.0,0.0,0.0,0.0,2.0,1.0,02B,293_10834,0.0,2.0,0.0,0.0,0.0,1.0,1.0,0.0,1.0,0.0,0.0,0.0,0.0,0.0,0.0,0.0,0.0,0.0,2.0,2.0,1.0,0.0,1.0,2019-11-15
1851274,1,10663.0,11.0,15.0,2019.0,6.0,7.0,26.0,245.0,57.0,14.0,1.0,26.0,1.0,0.0,0.0,002600100S00,45.0,29.0,50.86,-122.0,35.0,54.05,0.0,3.0,4.09,1.0,0.0,0.0,0.0,0.0,0.0,6.0,E,3,4.0,3.0,2.0,4.0,4.0,1.0,0.0,29.0,0.0,0.0,0.0,0.0,2.0,1.0,02B,293_18668,0.0,2.0,0.0,0.0,0.0,1.0,1.0,0.0,2.0,0.0,0.0,0.0,0.0,0.0,0.0,0.0,0.0,0.0,3.0,3.0,3.0,0.0,0.0,2019-11-15
1851313,1,2962.0,8.0,27.0,2019.0,3.0,15.0,3.0,0.0,0.0,2.0,1.0,26.0,1.0,0.0,0.0,002600100S00,45.0,18.0,11.32,-121.0,49.0,12.13,0.0,0.0,49.75,5.0,1.0,0.0,0.0,0.0,3.0,3.0,&,&,4.0,1.0,1.0,1.0,0.0,1.0,1.0,1.0,0.0,0.0,1.0,0.0,5.0,1.0,02C,293_18879,0.0,1.0,0.0,0.0,0.0,1.0,1.0,0.0,0.0,0.0,0.0,0.0,0.0,0.0,0.0,0.0,0.0,0.0,1.0,1.0,1.0,0.0,0.0,2019-08-27
1851365,1,4771.0,5.0,31.0,2019.0,6.0,9.0,26.0,245.0,57.0,14.0,1.0,26.0,1.0,0.0,0.0,002600100S00,45.0,30.0,2.95,-122.0,39.0,9.73,0.0,9.0,1.4,1.0,0.0,0.0,0.0,0.0,0.0,2.0,H,6,4.0,1.0,1.0,1.0,22.0,1.0,5.0,2.0,0.0,0.0,0.0,0.0,2.0,1.0,02B,293_10832,0.0,2.0,0.0,0.0,1.0,0.0,1.0,0.0,1.0,0.0,0.0,0.0,0.0,0.0,0.0,0.0,0.0,0.0,2.0,2.0,1.0,0.0,1.0,2019-05-31
1851526,1,10850.0,11.0,19.0,2019.0,3.0,4.0,26.0,245.0,57.0,14.0,1.0,26.0,1.0,0.0,0.0,002600100S00,45.0,29.0,37.86,-122.0,29.0,31.63,0.0,4.0,9.49,3.0,1.0,0.0,0.0,0.0,2.0,0.0,8,9,4.0,3.0,2.0,3.0,99.0,1.0,5.0,10.0,0.0,0.0,0.0,0.0,2.0,1.0,02B,293_14879,0.0,1.0,0.0,0.0,0.0,1.0,1.0,0.0,0.0,0.0,0.0,0.0,0.0,0.0,0.0,0.0,0.0,0.0,1.0,1.0,1.0,0.0,0.0,2019-11-19
1851540,1,10876.0,11.0,20.0,2019.0,4.0,17.0,26.0,245.0,57.0,14.0,1.0,26.0,1.0,0.0,0.0,002600100S00,45.0,30.0,5.3,-122.0,39.0,20.82,0.0,9.0,1.25,1.0,0.0,0.0,0.0,0.0,0.0,2.0,H,6,4.0,1.0,1.0,2.0,4.0,1.0,5.0,2.0,0.0,0.0,0.0,0.0,2.0,1.0,02B,293_10831,0.0,2.0,0.0,0.0,0.0,2.0,2.0,0.0,1.0,0.0,0.0,0.0,0.0,0.0,0.0,0.0,0.0,0.0,3.0,3.0,2.0,0.0,1.0,2019-11-20
1851552,1,11744.0,12.0,14.0,2019.0,7.0,19.0,26.0,245.0,57.0,14.0,1.0,26.0,1.0,0.0,0.0,002600100S00,45.0,29.0,58.22,-122.0,38.0,42.91,0.0,3.0,1.78,3.0,0.0,0.0,0.0,0.0,4.0,3.0,C,5,4.0,1.0,1.0,2.0,99.0,1.0,0.0,13.0,0.0,0.0,0.0,0.0,2.0,1.0,02B,293_798,0.0,2.0,0.0,0.0,0.0,1.0,1.0,0.0,1.0,0.0,0.0,0.0,0.0,0.0,0.0,0.0,0.0,0.0,2.0,2.0,1.0,0.0,1.0,2019-12-14
1851557,1,11297.0,12.0,3.0,2019.0,3.0,8.0,26.0,245.0,57.0,14.0,1.0,26.0,1.0,0.0,0.0,002600100S00,45.0,30.0,5.43,-122.0,39.0,22.27,0.0,8.0,1.23,3.0,0.0,0.0,0.0,0.0,4.0,5.0,C,3,4.0,1.0,1.0,1.0,99.0,1.0,0.0,13.0,0.0,0.0,0.0,0.0,2.0,1.0,02B,293_10831,0.0,2.0,0.0,0.0,0.0,1.0,1.0,0.0,1.0,0.0,0.0,0.0,0.0,0.0,0.0,0.0,0.0,0.0,2.0,2.0,1.0,0.0,1.0,2019-12-03
1851558,1,11751.0,12.0,14.0,2019.0,7.0,20.0,26.0,245.0,57.0,14.0,1.0,26.0,1.0,0.0,0.0,002600100S00,45.0,29.0,50.59,-122.0,34.0,8.11,0.0,7.0,5.57,3.0,0.0,1.0,0.0,0.0,4.0,3.0,E,3,4.0,1.0,1.0,2.0,99.0,1.0,0.0,29.0,0.0,0.0,0.0,0.0,2.0,1.0,02B,293_10834,0.0,3.0,0.0,0.0,0.0,2.0,2.0,0.0,3.0,0.0,0.0,0.0,0.0,0.0,0.0,0.0,0.0,0.0,5.0,5.0,4.0,0.0,1.0,2019-12-14
1851564,1,4876.0,5.0,16.0,2019.0,5.0,8.0,26.0,247.0,57.0,16.0,0.0,26.0,2.0,0.0,0.0,002600200S00,45.0,30.0,10.12,-122.0,40.0,34.82,0.0,4.0,0.11,3.0,0.0,0.0,0.0,0.0,2.0,3.0,E,3,4.0,3.0,2.0,1.0,19.0,1.0,0.0,29.0,0.0,0.0,0.0,0.0,2.0,1.0,02B,293_6878,0.0,2.0,0.0,0.0,0.0,1.0,1.0,0.0,1.0,0.0,0.0,0.0,0.0,0.0,0.0,0.0,0.0,0.0,2.0,2.0,2.0,0.0,0.0,2019-05-16
1851581,1,11779.0,12.0,15.0,2019.0,1.0,5.0,26.0,245.0,57.0,14.0,1.0,26.0,1.0,0.0,0.0,002600100S00,45.0,29.0,46.61,-122.0,33.0,5.67,0.0,3.0,6.52,3.0,0.0,0.0,0.0,0.0,2.0,3.0,G,2,4.0,2.0,2.0,2.0,99.0,1.0,3.0,33.0,0.0,0.0,0.0,0.0,2.0,1.0,02B,293_11795,0.0,2.0,0.0,0.0,1.0,0.0,1.0,0.0,1.0,0.0,0.0,0.0,0.0,0.0,0.0,0.0,0.0,0.0,2.0,2.0,1.0,0.0,1.0,2019-12-15
1851609,1,3013.0,8.0,31.0,2019.0,7.0,12.0,3.0,185.0,68.0,14.0,1.0,26.0,2.0,1.0,0.0,002600200S00,45.0,23.0,50.29,-122.0,15.0,59.05,0.0,3.0,24.09,3.0,1.0,0.0,0.0,0.0,2.0,3.0,C,5,4.0,1.0,1.0,1.0,15.0,1.0,1.0,27.0,1.0,0.0,0.0,0.0,4.0,1.0,02C,293_8534,0.0,3.0,0.0,0.0,0.0,1.0,1.0,0.0,1.0,0.0,0.0,0.0,0.0,0.0,0.0,0.0,0.0,0.0,2.0,2.0,2.0,0.0,0.0,2019-08-31
1851688,1,11007.0,11.0,23.0,2019.0,7.0,8.0,26.0,245.0,57.0,14.0,1.0,26.0,1.0,0.0,0.0,002600100S00,45.0,29.0,51.16,-122.0,31.0,31.77,0.0,7.0,7.8,3.0,0.0,0.0,0.0,0.0,2.0,3.0,3,0,4.0,1.0,1.0,4.0,99.0,1.0,3.0,2.0,0.0,0.0,0.0,0.0,2.0,1.0,02B,293_19871,0.0,1.0,0.0,0.0,1.0,0.0,1.0,0.0,1.0,1.0,0.0,1.0,0.0,0.0,0.0,0.0,0.0,0.0,1.0,2.0,0.0,0.0,1.0,2019-11-23
1851693,1,11022.0,11.0,24.0,2019.0,1.0,20.0,26.0,245.0,57.0,14.0,1.0,26.0,1.0,0.0,0.0,002600100S00,45.0,29.0,53.11,-122.0,31.0,19.78,0.0,6.0,7.97,2.0,0.0,0.0,0.0,0.0,2.0,3.0,E,3,4.0,1.0,1.0,2.0,99.0,1.0,5.0,29.0,0.0,0.0,0.0,0.0,2.0,1.0,02B,293_14853,0.0,2.0,0.0,0.0,0.0,1.0,1.0,0.0,1.0,0.0,0.0,0.0,0.0,0.0,0.0,0.0,0.0,0.0,2.0,2.0,1.0,0.0,1.0,2019-11-24
1851700,1,3021.0,8.0,31.0,2019.0,7.0,10.0,3.0,0.0,0.0,2.0,1.0,26.0,1.0,0.0,0.0,002600100S00,45.0,18.0,30.63,-121.0,48.0,30.61,0.0,0.0,50.43,5.0,1.0,0.0,0.0,0.0,3.0,7.0,8,9,4.0,1.0,1.0,1.0,0.0,1.0,1.0,16.0,0.0,0.0,0.0,0.0,5.0,1.0,02C,293_20910,0.0,1.0,0.0,0.0,0.0,1.0,1.0,0.0,0.0,0.0,0.0,0.0,0.0,0.0,0.0,0.0,0.0,0.0,1.0,1.0,1.0,0.0,0.0,2019-08-31
1851706,1,11570.0,12.0,10.0,2019.0,3.0,11.0,26.0,245.0,57.0,14.0,1.0,26.0,1.0,0.0,0.0,002600100S00,45.0,29.0,55.62,-122.0,30.0,47.99,0.0,3.0,8.42,3.0,0.0,0.0,0.0,0.0,2.0,4.0,C,5,4.0,3.0,2.0,1.0,99.0,1.0,5.0,2.0,0.0,0.0,0.0,0.0,2.0,1.0,02B,293_19394,0.0,2.0,0.0,0.0,0.0,4.0,4.0,1.0,1.0,0.0,0.0,0.0,0.0,0.0,0.0,0.0,0.0,0.0,5.0,5.0,0.0,0.0,5.0,2019-12-10
1851721,1,11589.0,12.0,6.0,2019.0,6.0,20.0,26.0,245.0,57.0,14.0,1.0,26.0,1.0,0.0,0.0,002600100S00,45.0,29.0,50.58,-122.0,34.0,5.16,0.0,3.0,5.61,3.0,0.0,0.0,0.0,0.0,4.0,4.0,C,5,4.0,3.0,2.0,2.0,99.0,1.0,0.0,13.0,0.0,0.0,0.0,0.0,2.0,1.0,02B,293_12196,0.0,2.0,0.0,0.0,0.0,2.0,2.0,0.0,1.0,0.0,0.0,0.0,0.0,0.0,0.0,0.0,0.0,0.0,3.0,3.0,2.0,0.0,1.0,2019-12-06
1851723,1,11592.0,12.0,11.0,2019.0,4.0,19.0,26.0,245.0,57.0,14.0,1.0,26.0,1.0,0.0,0.0,002600100S00,45.0,29.0,54.15,-122.0,38.0,28.46,0.0,4.0,1.99,3.0,0.0,0.0,0.0,0.0,4.0,3.0,E,3,4.0,3.0,2.0,2.0,99.0,1.0,5.0,29.0,0.0,0.0,0.0,0.0,2.0,1.0,02B,293_17096,0.0,2.0,0.0,0.0,0.0,1.0,1.0,0.0,3.0,0.0,0.0,0.0,0.0,0.0,0.0,0.0,0.0,0.0,4.0,4.0,3.0,0.0,1.0,2019-12-11
1851759,1,11342.0,12.0,4.0,2019.0,4.0,9.0,26.0,245.0,57.0,14.0,1.0,26.0,1.0,0.0,0.0,002600100S00,45.0,29.0,49.09,-122.0,38.0,0.81,0.0,4.0,2.37,1.0,0.0,0.0,0.0,0.0,0.0,6.0,E,3,4.0,1.0,1.0,1.0,4.0,1.0,0.0,27.0,0.0,0.0,0.0,0.0,2.0,1.0,02B,293_15985,0.0,3.0,0.0,0.0,0.0,1.0,1.0,0.0,2.0,0.0,0.0,0.0,0.0,0.0,0.0,0.0,0.0,0.0,3.0,3.0,3.0,0.0,0.0,2019-12-04
1851776,1,11095.0,11.0,26.0,2019.0,3.0,8.0,26.0,245.0,57.0,14.0,1.0,26.0,1.0,0.0,0.0,002600100S00,45.0,29.0,56.76,-122.0,30.0,59.1,0.0,9.0,8.26,1.0,0.0,0.0,0.0,0.0,0.0,4.0,B,1,4.0,3.0,2.0,1.0,4.0,1.0,5.0,2.0,0.0,0.0,0.0,0.0,2.0,1.0,02B,293_16247,0.0,2.0,0.0,0.0,0.0,3.0,3.0,0.0,1.0,0.0,0.0,0.0,0.0,0.0,0.0,0.0,0.0,0.0,4.0,4.0,2.0,0.0,2.0,2019-11-26
1851837,1,11355.0,12.0,4.0,2019.0,4.0,17.0,26.0,245.0,57.0,14.0,1.0,26.0,1.0,0.0,0.0,002600100S00,45.0,29.0,45.39,-122.0,33.0,21.57,0.0,9.0,6.31,1.0,0.0,0.0,0.0,0.0,0.0,3.0,H,6,4.0,1.0,1.0,3.0,1.0,1.0,5.0,2.0,0.0,0.0,0.0,0.0,2.0,1.0,02B,293_2424,0.0,2.0,0.0,0.0,0.0,1.0,1.0,0.0,1.0,0.0,0.0,0.0,0.0,0.0,0.0,0.0,0.0,0.0,2.0,2.0,1.0,0.0,1.0,2019-12-04
1851849,1,11130.0,11.0,27.0,2019.0,4.0,9.0,26.0,83.0,57.0,14.0,1.0,26.0,1.0,0.0,0.0,002600100S00,45.0,29.0,19.94,-122.0,24.0,2.94,0.0,9.0,14.58,1.0,0.0,0.0,0.0,0.0,0.0,4.0,H,6,4.0,1.0,1.0,1.0,4.0,1.0,0.0,2.0,0.0,0.0,0.0,0.0,4.0,1.0,02C,293_767,0.0,2.0,0.0,0.0,0.0,1.0,1.0,0.0,1.0,0.0,0.0,0.0,0.0,0.0,0.0,0.0,0.0,0.0,2.0,2.0,1.0,0.0,1.0,2019-11-27
1851940,1,11652.0,12.0,13.0,2019.0,6.0,21.0,26.0,245.0,57.0,14.0,1.0,26.0,1.0,0.0,0.0,002600100S00,45.0,29.0,52.29,-122.0,31.0,24.79,0.0,9.0,7.9,1.0,0.0,0.0,0.0,0.0,0.0,3.0,H,6,4.0,1.0,1.0,2.0,1.0,1.0,5.0,2.0,0.0,0.0,0.0,0.0,2.0,1.0,02B,293_14853,0.0,2.0,0.0,0.0,1.0,0.0,1.0,0.0,1.0,0.0,0.0,0.0,0.0,0.0,0.0,0.0,0.0,0.0,2.0,2.0,1.0,0.0,1.0,2019-12-13
1851959,1,12196.0,11.0,26.0,2019.0,3.0,9.0,26.0,245.0,57.0,14.0,1.0,26.0,1.0,0.0,0.0,002600100S00,45.0,29.0,57.46,-122.0,38.0,39.93,0.0,4.0,1.82,3.0,0.0,1.0,0.0,0.0,4.0,6.0,E,3,4.0,3.0,2.0,1.0,99.0,1.0,0.0,29.0,0.0,0.0,0.0,0.0,2.0,1.0,02B,293_13690,0.0,2.0,0.0,0.0,0.0,1.0,1.0,0.0,1.0,0.0,0.0,0.0,0.0,0.0,0.0,0.0,0.0,0.0,2.0,2.0,2.0,0.0,0.0,2019-11-26
1851966,1,11586.0,11.0,23.0,2019.0,7.0,15.0,26.0,245.0,57.0,14.0,1.0,26.0,1.0,0.0,0.0,002600100S00,45.0,29.0,49.37,-122.0,32.0,18.69,0.0,7.0,7.17,3.0,0.0,0.0,0.0,0.0,2.0,3.0,C,3,4.0,1.0,1.0,1.0,99.0,1.0,0.0,29.0,0.0,0.0,0.0,0.0,2.0,1.0,02B,293_18791,0.0,2.0,0.0,0.0,0.0,1.0,1.0,0.0,1.0,0.0,0.0,0.0,0.0,0.0,0.0,0.0,0.0,0.0,2.0,2.0,1.0,0.0,1.0,2019-11-23
1852005,1,11216.0,11.0,30.0,2019.0,7.0,12.0,26.0,245.0,57.0,14.0,1.0,26.0,1.0,0.0,0.0,002600100S00,45.0,29.0,50.18,-122.0,33.0,52.83,0.0,3.0,5.77,1.0,0.0,0.0,0.0,0.0,0.0,6.0,E,3,4.0,1.0,1.0,1.0,1.0,1.0,0.0,29.0,0.0,0.0,0.0,0.0,2.0,1.0,02B,293_25907,0.0,3.0,0.0,0.0,0.0,1.0,1.0,0.0,2.0,0.0,0.0,0.0,0.0,0.0,0.0,0.0,0.0,0.0,3.0,3.0,0.0,0.0,3.0,2019-11-30
1852048,1,11708.0,12.0,12.0,2019.0,5.0,18.0,26.0,245.0,57.0,14.0,1.0,26.0,1.0,0.0,0.0,002600100S00,45.0,29.0,52.28,-122.0,31.0,24.78,0.0,9.0,7.9,1.0,0.0,0.0,0.0,0.0,0.0,3.0,H,6,4.0,3.0,2.0,2.0,1.0,1.0,0.0,2.0,0.0,0.0,0.0,0.0,2.0,1.0,02B,293_14853,0.0,2.0,0.0,0.0,0.0,2.0,2.0,0.0,1.0,0.0,0.0,0.0,0.0,0.0,0.0,0.0,0.0,0.0,3.0,3.0,2.0,0.0,1.0,2019-12-12
1852070,1,11724.0,12.0,12.0,2019.0,5.0,7.0,26.0,245.0,57.0,14.0,1.0,26.0,1.0,0.0,0.0,002600100S00,45.0,29.0,49.36,-122.0,37.0,34.31,0.0,3.0,2.73,1.0,0.0,0.0,0.0,0.0,0.0,6.0,E,3,4.0,2.0,2.0,2.0,4.0,1.0,0.0,29.0,0.0,0.0,0.0,0.0,2.0,1.0,02B,293_19139,0.0,2.0,0.0,0.0,0.0,1.0,1.0,0.0,1.0,0.0,0.0,0.0,0.0,0.0,0.0,0.0,0.0,0.0,2.0,2.0,1.0,0.0,1.0,2019-12-12
1852116,1,6570.0,5.0,22.0,2019.0,4.0,17.0,26.0,250.0,57.0,14.0,1.0,26.0,1.0,0.0,0.0,002600100S00,45.0,30.0,4.18,-122.0,39.0,56.21,0.0,7.0,0.77,8.0,0.0,0.0,0.0,0.0,4.0,5.0,C,5,4.0,1.0,1.0,1.0,99.0,1.0,0.0,13.0,0.0,0.0,0.0,0.0,2.0,1.0,02B,293_6794,0.0,2.0,0.0,0.0,0.0,1.0,1.0,0.0,1.0,0.0,0.0,0.0,0.0,0.0,0.0,0.0,0.0,0.0,2.0,2.0,1.0,0.0,1.0,2019-05-22
1852143,1,6587.0,7.0,22.0,2019.0,2.0,0.0,26.0,83.0,57.0,14.0,1.0,26.0,1.0,0.0,0.0,002600100S00,45.0,29.0,35.08,-122.0,24.0,17.83,0.0,4.0,14.22,3.0,0.0,0.0,0.0,0.0,4.0,4.0,3,0,4.0,1.0,1.0,2.0,99.0,1.0,3.0,18.0,0.0,0.0,0.0,0.0,4.0,1.0,02C,293_1552,0.0,1.0,0.0,0.0,0.0,1.0,1.0,0.0,3.0,1.0,0.0,1.0,0.0,0.0,0.0,0.0,0.0,0.0,3.0,4.0,3.0,0.0,0.0,2019-07-22
1852165,1,6670.0,7.0,24.0,2019.0,4.0,8.0,26.0,250.0,57.0,14.0,1.0,26.0,1.0,0.0,0.0,002600100S00,45.0,30.0,3.62,-122.0,40.0,3.52,0.0,7.0,0.67,8.0,0.0,0.0,0.0,0.0,4.0,5.0,E,3,4.0,1.0,1.0,1.0,99.0,1.0,0.0,29.0,0.0,0.0,0.0,0.0,2.0,1.0,02B,293_6794,0.0,2.0,0.0,0.0,1.0,0.0,1.0,0.0,1.0,0.0,0.0,0.0,0.0,0.0,0.0,0.0,0.0,0.0,2.0,2.0,2.0,0.0,0.0,2019-07-24
1852201,1,11844.0,12.0,18.0,2019.0,4.0,20.0,26.0,245.0,57.0,14.0,1.0,26.0,1.0,0.0,0.0,002600100S00,45.0,29.0,46.37,-122.0,33.0,9.11,0.0,9.0,6.49,1.0,0.0,0.0,0.0,0.0,0.0,1.0,D,6,4.0,3.0,2.0,2.0,4.0,1.0,3.0,7.0,0.0,0.0,0.0,0.0,2.0,1.0,02B,293_3087,0.0,2.0,0.0,0.0,0.0,1.0,1.0,0.0,1.0,0.0,0.0,0.0,0.0,0.0,0.0,0.0,0.0,0.0,2.0,2.0,2.0,0.0,0.0,2019-12-18
1852212,1,4532.0,12.0,15.0,2019.0,1.0,17.0,3.0,0.0,0.0,2.0,1.0,26.0,1.0,0.0,0.0,002600100S00,45.0,22.0,40.25,-122.0,13.0,30.73,0.0,9.0,26.86,1.0,0.0,0.0,0.0,0.0,0.0,3.0,H,6,4.0,2.0,2.0,3.0,3.0,1.0,1.0,2.0,0.0,0.0,0.0,0.0,5.0,1.0,02C,293_6874,0.0,2.0,0.0,0.0,0.0,1.0,1.0,0.0,2.0,0.0,0.0,0.0,0.0,0.0,0.0,0.0,0.0,0.0,3.0,3.0,3.0,0.0,0.0,2019-12-15
1852223,1,3507.0,10.0,8.0,2019.0,3.0,14.0,3.0,0.0,0.0,2.0,1.0,26.0,1.0,0.0,0.0,002600100S00,45.0,18.0,10.35,-121.0,46.0,25.28,0.0,0.0,52.67,3.0,0.0,0.0,0.0,0.0,3.0,4.0,C,5,4.0,6.0,3.0,1.0,99.0,1.0,2.0,1.0,0.0,0.0,1.0,0.0,5.0,1.0,02C,293_11190,0.0,2.0,0.0,0.0,0.0,1.0,1.0,0.0,3.0,0.0,0.0,0.0,0.0,0.0,0.0,0.0,0.0,0.0,4.0,4.0,4.0,0.0,0.0,2019-10-08
1852287,1,11414.0,12.0,5.0,2019.0,5.0,13.0,26.0,250.0,57.0,14.0,1.0,26.0,1.0,0.0,0.0,002600100S00,45.0,30.0,1.99,-122.0,40.0,24.75,0.0,7.0,0.38,8.0,0.0,0.0,0.0,0.0,4.0,4.0,C,5,4.0,1.0,1.0,1.0,99.0,1.0,0.0,13.0,0.0,0.0,0.0,0.0,2.0,1.0,02B,293_6794,0.0,2.0,0.0,0.0,0.0,1.0,1.0,0.0,1.0,0.0,0.0,0.0,0.0,0.0,0.0,0.0,0.0,0.0,2.0,2.0,1.0,0.0,1.0,2019-12-05
1852367,1,9379.0,10.0,12.0,2019.0,7.0,6.0,26.0,0.0,57.0,14.0,1.0,26.0,1.0,0.0,0.0,002600100S00,45.0,27.0,41.92,-122.0,23.0,0.7,0.0,0.0,16.74,3.0,0.0,0.0,0.0,0.0,4.0,6.0,C,3,4.0,1.0,1.0,4.0,99.0,1.0,2.0,27.0,0.0,0.0,0.0,0.0,8.0,1.0,02C,293_9562,0.0,2.0,0.0,1.0,0.0,0.0,1.0,0.0,1.0,0.0,0.0,0.0,0.0,0.0,0.0,0.0,0.0,0.0,2.0,2.0,2.0,0.0,0.0,2019-10-12
1852369,1,89381.0,10.0,12.0,2019.0,7.0,6.0,3.0,0.0,57.0,14.0,1.0,26.0,1.0,0.0,0.0,002600100S00,45.0,27.0,40.47,-122.0,22.0,59.07,0.0,9.0,16.78,1.0,0.0,0.0,0.0,0.0,0.0,3.0,B,1,4.0,1.0,1.0,3.0,2.0,1.0,2.0,2.0,0.0,0.0,0.0,0.0,8.0,1.0,02C,293_10836,0.0,2.0,0.0,0.0,0.0,1.0,1.0,0.0,1.0,0.0,0.0,0.0,0.0,0.0,0.0,0.0,0.0,0.0,2.0,2.0,2.0,0.0,0.0,2019-10-12
1852380,1,9435.0,10.0,14.0,2019.0,2.0,16.0,26.0,245.0,57.0,14.0,1.0,26.0,1.0,0.0,0.0,002600100S00,45.0,29.0,47.66,-122.0,32.0,52.72,0.0,9.0,6.71,1.0,0.0,0.0,0.0,0.0,0.0,3.0,H,6,4.0,1.0,1.0,1.0,1.0,1.0,5.0,2.0,0.0,0.0,0.0,0.0,2.0,1.0,02B,293_13269,0.0,2.0,0.0,0.0,1.0,0.0,1.0,0.0,1.0,0.0,0.0,0.0,0.0,0.0,0.0,0.0,0.0,0.0,2.0,2.0,2.0,0.0,0.0,2019-10-14
1852381,1,9436.0,10.0,14.0,2019.0,2.0,15.0,26.0,245.0,57.0,14.0,1.0,26.0,1.0,0.0,0.0,002600100S00,45.0,29.0,50.8,-122.0,35.0,32.27,0.0,7.0,4.38,1.0,0.0,0.0,0.0,0.0,0.0,6.0,E,3,4.0,1.0,1.0,1.0,1.0,1.0,5.0,29.0,0.0,0.0,0.0,0.0,2.0,1.0,02B,293_19722,0.0,2.0,0.0,0.0,0.0,1.0,1.0,0.0,1.0,0.0,0.0,0.0,0.0,0.0,0.0,0.0,0.0,0.0,2.0,2.0,0.0,0.0,2.0,2019-10-14
1852384,1,9453.0,10.0,15.0,2019.0,3.0,15.0,26.0,245.0,57.0,14.0,1.0,26.0,1.0,0.0,0.0,002600100S00,45.0,29.0,50.64,-122.0,34.0,25.79,0.0,3.0,5.33,3.0,0.0,0.0,0.0,0.0,4.0,3.0,E,3,4.0,1.0,1.0,1.0,99.0,1.0,5.0,29.0,0.0,0.0,0.0,0.0,2.0,1.0,02B,293_10833,0.0,2.0,0.0,0.0,1.0,0.0,1.0,0.0,1.0,0.0,0.0,0.0,0.0,0.0,0.0,0.0,0.0,0.0,2.0,2.0,2.0,0.0,0.0,2019-10-15
1852385,1,9456.0,10.0,15.0,2019.0,3.0,17.0,26.0,245.0,57.0,14.0,1.0,26.0,1.0,0.0,0.0,002600100S00,45.0,30.0,3.31,-122.0,39.0,11.35,0.0,9.0,1.38,1.0,0.0,0.0,0.0,0.0,0.0,3.0,H,6,4.0,1.0,1.0,1.0,4.0,1.0,0.0,2.0,0.0,0.0,0.0,0.0,2.0,1.0,02B,293_10832,0.0,2.0,0.0,0.0,0.0,1.0,1.0,0.0,1.0,0.0,0.0,0.0,0.0,0.0,0.0,0.0,0.0,0.0,2.0,2.0,1.0,0.0,1.0,2019-10-15