Crash ID,Record Type,Serial #,Crash Month,Crash Day,Crash Year,Week Day Code,Crash Hour,County Code,City Section ID,Urban Area Code,Functional Class Code,NHS Flag,Highway Number,Roadway Number,Highway Component,Mileage Type,Linear Reference System (LRS),Latitude Degrees,Latitude Minutes,Latitude Seconds,Longitude Degrees,Longitude Minutes,Longitude Seconds,Latitude (Decimal Degrees),Intersection Sequence Number,Distance from Intersection,Milepoint,Posted Speed Limit,Off Roadway Flag,Intersection Type,Intersection Related Flag,Roundabout Flag,Number of Turning Legs,Median Type,Impact Location,Crash Type,Collision Type,Crash Severity,Weather Condition,Road Surface Condition,Light Condition,Traffic Control Device (TCD),Crash Level Event 2 Code,School Zone Indicator,Work Zone Indicator,Secondary Crash Indicator,Alcohol-Involved Flag,Crash Marijuana Involved Flag,Population Range Code,Road Control,Route Type,Region ID,District ID,Segment Marker ID,Segment Point LRS Measure,Unlocatable Flag,Total Vehicle Count,Total Fatality Count,Total Suspected Serious Injury (A) Count,Total Suspected Minor Injury (B) Count,Total Possible Injury (C) Count,Total Non-Fatal Injury Count,Total Un-Injured  Children Age 00-04,Total Un-Injured Persons,Total Pedestrian Count,Total Pedestrian Fatality Count,Total Pedestrian Non-Fatal Injury Count,Total Pedalcyclist Count,Total Pedalcyclist Fatality Count,Total Pedalcyclist Non-Fatal Injury Count,Total Unknown Non-Motorist Count,Total Unknown Non-Motorist Fatality Count,Total Unknown Non-Motorist Injury Count,Total Vehicle Occupant Count,date
1852404,1,9508.0,10.0,16.0,2019.0,4.0,7.0,26.0,245.0,57.0,14.0,1.0,26.0,1.0,0.0,0.0,002600100S00,45.0,29.0,46.41,-122.0,33.0,8.57,0.0,7.0,6.5,1.0,0.0,0.0,0.0,0.0,0.0,6.0,E,3,4.0,3.0,2.0,4.0,4.0,1.0,0.0,27.0,0.0,0.0,0.0,0.0,2.0,1.0,02B,293_11795,0.0,2.0,0.0,0.0,0.0,2.0,2.0,0.0,1.0,0.0,0.0,0.0,0.0,0.0,0.0,0.0,0.0,0.0,3.0,3.0,2.0,0.0,1.0,2019-10-16
1852464,1,9588.0,10.0,18.0,2019.0,6.0,15.0,26.0,245.0,57.0,14.0,1.0,26.0,1.0,0.0,0.0,002600100S00,45.0,29.0,52.99,-122.0,30.0,38.24,0.0,4.0,8.55,1.0,0.0,0.0,0.0,0.0,0.0,6.0,E,3,4.0,3.0,2.0,1.0,1.0,1.0,0.0,29.0,0.0,0.0,0.0,0.0,2.0,1.0,02B,293_18831,0.0,2.0,0.0,0.0,0.0,1.0,1.0,0.0,1.0,0.0,0.0,0.0,0.0,0.0,0.0,0.0,0.0,0.0,2.0,2.0,1.0,0.0,1.0,2019-10-18
1852483,1,9613.0,10.0,17.0,2019.0,5.0,20.0,26.0,245.0,57.0,14.0,1.0,26.0,1.0,0.0,0.0,002600100S00,45.0,29.0,50.57,-122.0,34.0,6.56,0.0,7.0,5.59,1.0,0.0,0.0,0.0,0.0,0.0,6.0,E,3,4.0,3.0,2.0,2.0,1.0,1.0,5.0,29.0,0.0,0.0,0.0,0.0,2.0,1.0,02B,293_10834,0.0,2.0,0.0,0.0,0.0,3.0,3.0,0.0,2.0,0.0,0.0,0.0,0.0,0.0,0.0,0.0,0.0,0.0,5.0,5.0,4.0,0.0,1.0,2019-10-17
1852562,1,10594.0,11.0,13.0,2019.0,4.0,17.0,26.0,245.0,57.0,14.0,1.0,26.0,1.0,0.0,0.0,002600100S00,45.0,29.0,48.51,-122.0,32.0,40.69,0.0,3.0,6.87,3.0,0.0,0.0,0.0,0.0,2.0,4.0,C,3,4.0,1.0,1.0,5.0,99.0,1.0,3.0,33.0,1.0,0.0,0.0,0.0,2.0,1.0,02B,293_14852,0.0,3.0,0.0,0.0,0.0,2.0,2.0,0.0,1.0,0.0,0.0,0.0,0.0,0.0,0.0,0.0,0.0,0.0,3.0,3.0,1.0,0.0,2.0,2019-11-13
1852623,1,9723.0,10.0,21.0,2019.0,2.0,14.0,26.0,245.0,57.0,14.0,1.0,26.0,1.0,0.0,0.0,002600100S00,45.0,29.0,51.17,-122.0,36.0,58.87,0.0,3.0,3.21,1.0,0.0,0.0,0.0,0.0,0.0,6.0,E,3,4.0,1.0,1.0,1.0,4.0,1.0,5.0,29.0,0.0,0.0,0.0,0.0,2.0,1.0,02B,293_20034,0.0,2.0,0.0,0.0,0.0,2.0,2.0,0.0,1.0,0.0,0.0,0.0,0.0,0.0,0.0,0.0,0.0,0.0,3.0,3.0,3.0,0.0,0.0,2019-10-21
1852657,1,9774.0,10.0,22.0,2019.0,3.0,13.0,26.0,245.0,57.0,14.0,1.0,26.0,1.0,0.0,0.0,002600100S00,45.0,29.0,50.63,-122.0,34.0,14.17,0.0,9.0,5.49,1.0,0.0,0.0,0.0,0.0,0.0,4.0,B,1,4.0,1.0,1.0,1.0,4.0,1.0,5.0,2.0,0.0,0.0,0.0,0.0,2.0,1.0,02B,293_10834,0.0,2.0,0.0,0.0,0.0,1.0,1.0,0.0,1.0,0.0,0.0,0.0,0.0,0.0,0.0,0.0,0.0,0.0,2.0,2.0,0.0,0.0,2.0,2019-10-22
1852691,1,11432.0,12.0,6.0,2019.0,6.0,21.0,26.0,245.0,57.0,14.0,1.0,26.0,1.0,0.0,0.0,002600100S00,45.0,29.0,57.25,-122.0,38.0,39.16,0.0,4.0,1.83,3.0,0.0,0.0,0.0,0.0,4.0,4.0,3,0,4.0,3.0,2.0,2.0,99.0,1.0,3.0,2.0,0.0,0.0,0.0,0.0,2.0,1.0,02B,293_13690,0.0,1.0,0.0,0.0,0.0,1.0,1.0,0.0,1.0,1.0,0.0,1.0,0.0,0.0,0.0,0.0,0.0,0.0,1.0,2.0,0.0,0.0,1.0,2019-12-06
1852735,1,11445.0,12.0,6.0,2019.0,6.0,13.0,26.0,245.0,57.0,14.0,1.0,26.0,1.0,0.0,0.0,002600100S00,45.0,29.0,32.31,-122.0,29.0,4.82,0.0,8.0,9.87,1.0,0.0,0.0,0.0,0.0,0.0,6.0,E,3,4.0,1.0,1.0,1.0,1.0,1.0,0.0,29.0,0.0,0.0,0.0,0.0,2.0,1.0,02B,293_16249,0.0,2.0,0.0,0.0,0.0,1.0,1.0,0.0,1.0,0.0,0.0,0.0,0.0,0.0,0.0,0.0,0.0,0.0,2.0,2.0,2.0,0.0,0.0,2019-12-06
1852769,1,10798.0,11.0,10.0,2019.0,1.0,0.0,26.0,245.0,57.0,14.0,1.0,26.0,1.0,0.0,0.0,002600100S00,45.0,29.0,50.8,-122.0,37.0,14.73,0.0,9.0,3.0,1.0,0.0,0.0,0.0,1.0,0.0,1.0,B,6,4.0,3.0,2.0,2.0,4.0,1.0,5.0,5.0,0.0,0.0,0.0,0.0,2.0,1.0,02B,293_19721,0.0,2.0,0.0,0.0,1.0,0.0,1.0,0.0,2.0,0.0,0.0,0.0,0.0,0.0,0.0,0.0,0.0,0.0,3.0,3.0,2.0,0.0,1.0,2019-11-10
1852773,1,10831.0,11.0,19.0,2019.0,3.0,19.0,26.0,245.0,57.0,14.0,1.0,26.0,1.0,0.0,0.0,002600100S00,45.0,29.0,54.82,-122.0,31.0,9.54,0.0,9.0,8.11,1.0,0.0,0.0,0.0,0.0,0.0,2.0,F,6,4.0,1.0,2.0,2.0,4.0,1.0,5.0,6.0,0.0,0.0,0.0,0.0,2.0,1.0,02B,293_17371,0.0,2.0,0.0,0.0,0.0,1.0,1.0,0.0,1.0,0.0,0.0,0.0,0.0,0.0,0.0,0.0,0.0,0.0,2.0,2.0,0.0,0.0,2.0,2019-11-19
1852807,1,9812.0,10.0,24.0,2019.0,5.0,11.0,26.0,245.0,57.0,14.0,1.0,26.0,1.0,0.0,0.0,002600100S00,45.0,29.0,54.88,-122.0,38.0,31.07,0.0,8.0,1.95,3.0,0.0,0.0,0.0,0.0,4.0,3.0,E,3,4.0,1.0,1.0,1.0,99.0,1.0,5.0,29.0,0.0,0.0,0.0,0.0,2.0,1.0,02B,293_15983,0.0,2.0,0.0,0.0,0.0,1.0,1.0,0.0,1.0,0.0,0.0,0.0,0.0,0.0,0.0,0.0,0.0,0.0,2.0,2.0,1.0,0.0,1.0,2019-10-24
1852828,1,3695.0,10.0,22.0,2019.0,3.0,6.0,3.0,185.0,68.0,14.0,1.0,26.0,1.0,0.0,0.0,002600100S00,45.0,24.0,22.51,-122.0,17.0,43.69,0.0,7.0,22.5,3.0,1.0,0.0,0.0,0.0,4.0,2.0,6,1,4.0,3.0,2.0,3.0,99.0,1.0,3.0,19.0,0.0,0.0,0.0,0.0,4.0,1.0,02C,293_8495,0.0,1.0,0.0,0.0,1.0,0.0,1.0,0.0,1.0,0.0,0.0,0.0,1.0,0.0,1.0,0.0,0.0,0.0,1.0,2.0,2.0,0.0,0.0,2019-10-22
1852853,1,9841.0,10.0,24.0,2019.0,5.0,14.0,26.0,245.0,57.0,14.0,1.0,26.0,1.0,0.0,0.0,002600100S00,45.0,29.0,50.87,-122.0,35.0,59.89,0.0,3.0,4.01,3.0,0.0,0.0,0.0,0.0,4.0,3.0,E,3,4.0,1.0,1.0,1.0,99.0,1.0,2.0,29.0,0.0,0.0,0.0,0.0,2.0,1.0,02B,293_17100,0.0,2.0,0.0,0.0,0.0,1.0,1.0,0.0,1.0,0.0,0.0,0.0,0.0,0.0,0.0,0.0,0.0,0.0,2.0,2.0,1.0,0.0,1.0,2019-10-24
1852870,1,4604.0,12.0,19.0,2019.0,5.0,14.0,3.0,0.0,0.0,2.0,1.0,26.0,1.0,0.0,0.0,002600100S00,45.0,22.0,14.96,-122.0,10.0,47.57,0.0,0.0,29.13,2.0,0.0,0.0,0.0,0.0,4.0,3.0,C,3,4.0,3.0,2.0,1.0,0.0,1.0,1.0,1.0,0.0,0.0,1.0,0.0,5.0,1.0,02C,293_9167,0.0,2.0,0.0,0.0,0.0,1.0,1.0,0.0,3.0,0.0,0.0,0.0,0.0,0.0,0.0,0.0,0.0,0.0,4.0,4.0,4.0,0.0,0.0,2019-12-19
1852889,1,9856.0,10.0,9.0,2019.0,4.0,9.0,26.0,245.0,57.0,14.0,1.0,26.0,1.0,0.0,0.0,002600100S00,45.0,29.0,50.57,-122.0,34.0,6.56,0.0,3.0,5.59,1.0,0.0,0.0,0.0,0.0,0.0,5.0,3,0,4.0,1.0,1.0,1.0,1.0,1.0,3.0,2.0,0.0,0.0,0.0,0.0,2.0,1.0,02B,293_10834,0.0,1.0,0.0,0.0,0.0,1.0,1.0,0.0,1.0,1.0,0.0,1.0,0.0,0.0,0.0,0.0,0.0,0.0,1.0,2.0,0.0,0.0,1.0,2019-10-09
1852933,1,9915.0,10.0,17.0,2019.0,5.0,12.0,26.0,245.0,57.0,14.0,1.0,26.0,1.0,0.0,0.0,002600100S00,45.0,29.0,48.5,-122.0,37.0,47.19,0.0,7.0,2.56,3.0,0.0,0.0,0.0,0.0,4.0,3.0,E,3,4.0,3.0,2.0,1.0,99.0,1.0,5.0,29.0,0.0,0.0,0.0,0.0,2.0,1.0,02B,293_15986,0.0,2.0,0.0,0.0,0.0,2.0,2.0,0.0,1.0,0.0,0.0,0.0,0.0,0.0,0.0,0.0,0.0,0.0,3.0,3.0,2.0,0.0,1.0,2019-10-17
1852934,1,3212.0,9.0,16.0,2019.0,2.0,5.0,3.0,185.0,68.0,14.0,1.0,26.0,1.0,0.0,0.0,002600100S00,45.0,23.0,50.95,-122.0,16.0,13.54,0.0,8.0,23.87,1.0,0.0,0.0,0.0,0.0,0.0,6.0,E,3,4.0,1.0,1.0,4.0,1.0,1.0,3.0,29.0,0.0,0.0,0.0,1.0,4.0,1.0,02C,293_16428,0.0,2.0,0.0,0.0,0.0,2.0,2.0,0.0,1.0,0.0,0.0,0.0,0.0,0.0,0.0,0.0,0.0,0.0,3.0,3.0,2.0,0.0,1.0,2019-09-16
1852937,1,3213.0,9.0,17.0,2019.0,3.0,15.0,3.0,185.0,68.0,14.0,1.0,26.0,2.0,0.0,0.0,002600200S00,45.0,23.0,49.26,-122.0,15.0,19.69,0.0,4.0,24.63,1.0,0.0,0.0,0.0,0.0,0.0,6.0,E,3,4.0,1.0,1.0,1.0,1.0,1.0,0.0,29.0,0.0,0.0,0.0,0.0,4.0,1.0,02C,293_6259,0.0,2.0,0.0,0.0,0.0,2.0,2.0,0.0,2.0,0.0,0.0,0.0,0.0,0.0,0.0,0.0,0.0,0.0,4.0,4.0,3.0,0.0,1.0,2019-09-17
1852965,1,11901.0,12.0,19.0,2019.0,5.0,22.0,26.0,245.0,57.0,14.0,1.0,26.0,1.0,0.0,0.0,002600100S00,45.0,29.0,50.33,-122.0,38.0,8.01,0.0,9.0,2.27,1.0,0.0,0.0,0.0,0.0,0.0,1.0,B,1,4.0,3.0,2.0,2.0,4.0,1.0,0.0,2.0,0.0,0.0,0.0,0.0,2.0,1.0,02B,293_13691,0.0,2.0,0.0,0.0,0.0,1.0,1.0,0.0,1.0,0.0,0.0,0.0,0.0,0.0,0.0,0.0,0.0,0.0,2.0,2.0,1.0,0.0,1.0,2019-12-19
1852981,1,11903.0,12.0,19.0,2019.0,5.0,14.0,26.0,245.0,57.0,14.0,1.0,26.0,1.0,0.0,0.0,002600100S00,45.0,29.0,53.55,-122.0,30.0,40.33,0.0,8.0,8.52,3.0,0.0,1.0,0.0,0.0,2.0,3.0,E,3,4.0,1.0,1.0,1.0,99.0,1.0,0.0,29.0,0.0,0.0,0.0,0.0,2.0,1.0,02B,293_20868,0.0,2.0,0.0,0.0,0.0,1.0,1.0,0.0,1.0,0.0,0.0,0.0,0.0,0.0,0.0,0.0,0.0,0.0,2.0,2.0,2.0,0.0,0.0,2019-12-19
1853011,1,9962.0,10.0,10.0,2019.0,5.0,11.0,26.0,245.0,57.0,14.0,1.0,26.0,1.0,0.0,0.0,002600100S00,45.0,29.0,48.34,-122.0,33.0,46.49,0.0,7.0,5.86,3.0,0.0,0.0,0.0,0.0,2.0,4.0,E,3,4.0,1.0,1.0,1.0,0.0,1.0,3.0,29.0,0.0,0.0,0.0,1.0,2.0,1.0,02B,293_8489,0.0,2.0,0.0,0.0,0.0,1.0,1.0,0.0,1.0,0.0,0.0,0.0,0.0,0.0,0.0,0.0,0.0,0.0,2.0,2.0,1.0,0.0,1.0,2019-10-10
1853019,1,11915.0,12.0,19.0,2019.0,5.0,8.0,26.0,245.0,57.0,14.0,1.0,26.0,1.0,0.0,0.0,002600100S00,45.0,29.0,50.78,-122.0,35.0,20.84,0.0,3.0,4.54,1.0,0.0,0.0,0.0,0.0,0.0,6.0,E,3,4.0,3.0,2.0,1.0,1.0,1.0,3.0,29.0,0.0,0.0,0.0,1.0,2.0,1.0,02B,293_19988,0.0,2.0,0.0,0.0,0.0,3.0,3.0,0.0,1.0,0.0,0.0,0.0,0.0,0.0,0.0,0.0,0.0,0.0,4.0,4.0,3.0,0.0,1.0,2019-12-19
1853209,1,3660.0,10.0,8.0,2019.0,3.0,0.0,3.0,0.0,0.0,2.0,1.0,26.0,1.0,0.0,0.0,002600100S00,45.0,22.0,21.59,-122.0,7.0,24.31,0.0,0.0,32.04,3.0,1.0,0.0,0.0,0.0,4.0,3.0,8,9,4.0,3.0,2.0,3.0,99.0,1.0,1.0,16.0,0.0,0.0,0.0,0.0,5.0,1.0,02C,293_15683,0.0,1.0,0.0,0.0,0.0,1.0,1.0,0.0,1.0,0.0,0.0,0.0,0.0,0.0,0.0,0.0,0.0,0.0,2.0,2.0,2.0,0.0,0.0,2019-10-08
1853242,1,11989.0,12.0,20.0,2019.0,6.0,8.0,26.0,245.0,57.0,14.0,1.0,26.0,1.0,0.0,0.0,002600100S00,45.0,29.0,47.07,-122.0,30.0,15.54,0.0,4.0,8.87,3.0,0.0,0.0,0.0,0.0,2.0,3.0,E,3,4.0,3.0,2.0,1.0,99.0,1.0,5.0,29.0,0.0,0.0,0.0,0.0,2.0,1.0,02B,293_16248,0.0,3.0,0.0,0.0,0.0,3.0,3.0,0.0,1.0,0.0,0.0,0.0,0.0,0.0,0.0,0.0,0.0,0.0,4.0,4.0,4.0,0.0,0.0,2019-12-20
1853265,1,11992.0,12.0,21.0,2019.0,7.0,18.0,26.0,245.0,57.0,14.0,1.0,26.0,1.0,0.0,0.0,002600100S00,45.0,29.0,49.51,-122.0,32.0,15.61,0.0,7.0,7.21,1.0,0.0,0.0,0.0,0.0,0.0,6.0,E,3,4.0,3.0,2.0,2.0,1.0,1.0,3.0,29.0,0.0,0.0,0.0,1.0,2.0,1.0,02B,293_18791,0.0,3.0,0.0,0.0,0.0,2.0,2.0,0.0,2.0,0.0,0.0,0.0,0.0,0.0,0.0,0.0,0.0,0.0,4.0,4.0,0.0,0.0,4.0,2019-12-21
1853304,1,10097.0,10.0,30.0,2019.0,4.0,8.0,26.0,245.0,57.0,14.0,1.0,26.0,1.0,0.0,0.0,002600100S00,45.0,29.0,39.97,-122.0,29.0,41.94,0.0,4.0,9.35,1.0,0.0,0.0,0.0,0.0,0.0,5.0,C,5,4.0,1.0,1.0,1.0,99.0,1.0,5.0,6.0,0.0,0.0,0.0,0.0,2.0,1.0,02B,293_17374,0.0,2.0,0.0,0.0,0.0,2.0,2.0,0.0,1.0,0.0,0.0,0.0,0.0,0.0,0.0,0.0,0.0,0.0,3.0,3.0,3.0,0.0,0.0,2019-10-30
1853339,1,12024.0,12.0,22.0,2019.0,1.0,17.0,26.0,245.0,57.0,14.0,1.0,26.0,1.0,0.0,0.0,002600100S00,45.0,29.0,47.65,-122.0,32.0,52.71,0.0,7.0,6.71,1.0,0.0,0.0,0.0,0.0,0.0,6.0,E,3,4.0,3.0,2.0,2.0,1.0,1.0,3.0,7.0,1.0,0.0,0.0,0.0,2.0,1.0,02B,293_13269,0.0,2.0,0.0,0.0,0.0,2.0,2.0,0.0,1.0,0.0,0.0,0.0,0.0,0.0,0.0,0.0,0.0,0.0,3.0,3.0,2.0,0.0,1.0,2019-12-22
1853353,1,4645.0,12.0,22.0,2019.0,1.0,21.0,3.0,0.0,0.0,2.0,1.0,26.0,1.0,0.0,0.0,002600100S00,45.0,18.0,21.23,-121.0,51.0,47.02,0.0,9.0,47.39,1.0,0.0,0.0,0.0,0.0,0.0,3.0,D,6,4.0,3.0,2.0,3.0,4.0,1.0,1.0,6.0,0.0,0.0,0.0,0.0,5.0,1.0,02C,293_15727,0.0,2.0,0.0,0.0,0.0,1.0,1.0,0.0,4.0,0.0,0.0,0.0,0.0,0.0,0.0,0.0,0.0,0.0,5.0,5.0,4.0,1.0,0.0,2019-12-22
1853448,1,7956.0,9.0,2.0,2019.0,2.0,14.0,26.0,245.0,57.0,14.0,1.0,26.0,1.0,0.0,0.0,002600100S00,45.0,29.0,50.66,-122.0,34.0,39.67,0.0,3.0,5.14,3.0,0.0,0.0,0.0,1.0,4.0,5.0,E,3,4.0,0.0,0.0,1.0,99.0,1.0,0.0,29.0,0.0,0.0,0.0,0.0,2.0,1.0,02B,293_21074,0.0,2.0,0.0,0.0,0.0,1.0,1.0,0.0,1.0,0.0,0.0,0.0,0.0,0.0,0.0,0.0,0.0,0.0,2.0,2.0,0.0,0.0,2.0,2019-09-02
1853466,1,8126.0,9.0,8.0,2019.0,1.0,0.0,26.0,245.0,57.0,14.0,1.0,26.0,1.0,0.0,0.0,002600100S00,45.0,29.0,31.87,-122.0,29.0,2.64,0.0,4.0,9.9,2.0,0.0,0.0,0.0,0.0,2.0,3.0,B,6,4.0,0.0,0.0,2.0,99.0,1.0,3.0,2.0,0.0,0.0,0.0,1.0,2.0,1.0,02B,293_17397,0.0,2.0,0.0,0.0,0.0,3.0,3.0,0.0,1.0,0.0,0.0,0.0,0.0,0.0,0.0,0.0,0.0,0.0,4.0,4.0,0.0,0.0,4.0,2019-09-08
1853499,1,3917.0,11.0,6.0,2019.0,4.0,11.0,3.0,0.0,0.0,2.0,1.0,26.0,1.0,0.0,0.0,002600100S00,45.0,20.0,37.49,-121.0,56.0,33.19,0.0,0.0,42.25,3.0,0.0,1.0,0.0,0.0,4.0,6.0,C,5,4.0,1.0,1.0,1.0,99.0,1.0,1.0,17.0,0.0,0.0,0.0,0.0,5.0,1.0,02C,293_17412,0.0,2.0,0.0,0.0,0.0,1.0,1.0,0.0,1.0,0.0,0.0,0.0,0.0,0.0,0.0,0.0,0.0,0.0,2.0,2.0,2.0,0.0,0.0,2019-11-06
1853505,1,3930.0,11.0,7.0,2019.0,5.0,13.0,3.0,185.0,68.0,14.0,1.0,26.0,1.0,0.0,0.0,002600100S00,45.0,23.0,56.13,-122.0,16.0,27.73,0.0,8.0,23.65,1.0,0.0,0.0,0.0,0.0,0.0,6.0,D,6,4.0,1.0,1.0,1.0,99.0,1.0,3.0,32.0,0.0,0.0,0.0,0.0,4.0,1.0,02C,293_16428,0.0,2.0,0.0,0.0,0.0,1.0,1.0,0.0,2.0,0.0,0.0,0.0,0.0,0.0,0.0,0.0,0.0,0.0,3.0,3.0,3.0,0.0,0.0,2019-11-07
1853514,1,3953.0,11.0,8.0,2019.0,6.0,12.0,3.0,185.0,68.0,14.0,1.0,26.0,1.0,1.0,0.0,002600100S00,45.0,23.0,47.93,-122.0,15.0,28.05,0.0,7.0,24.5,3.0,0.0,0.0,0.0,0.0,2.0,4.0,C,5,4.0,1.0,1.0,1.0,15.0,1.0,3.0,13.0,0.0,0.0,0.0,0.0,4.0,1.0,02C,293_9596,0.0,2.0,0.0,0.0,1.0,0.0,1.0,0.0,4.0,0.0,0.0,0.0,0.0,0.0,0.0,0.0,0.0,0.0,5.0,5.0,4.0,1.0,0.0,2019-11-08
1853517,1,3959.0,11.0,9.0,2019.0,7.0,11.0,3.0,0.0,0.0,2.0,1.0,26.0,1.0,0.0,0.0,002600100S00,45.0,22.0,40.25,-122.0,13.0,30.7,0.0,7.0,26.86,1.0,0.0,0.0,0.0,0.0,0.0,6.0,E,3,4.0,1.0,1.0,1.0,1.0,1.0,0.0,29.0,0.0,0.0,0.0,0.0,5.0,1.0,02C,293_6874,0.0,2.0,0.0,0.0,0.0,1.0,1.0,0.0,1.0,0.0,0.0,0.0,0.0,0.0,0.0,0.0,0.0,0.0,2.0,2.0,1.0,0.0,1.0,2019-11-09
1853519,1,3968.0,11.0,10.0,2019.0,1.0,22.0,3.0,0.0,0.0,2.0,1.0,26.0,1.0,0.0,0.0,002600100S00,45.0,18.0,44.11,-121.0,47.0,34.65,0.0,0.0,51.27,5.0,1.0,0.0,0.0,0.0,4.0,7.0,8,9,4.0,2.0,1.0,3.0,99.0,1.0,1.0,33.0,1.0,0.0,0.0,0.0,5.0,1.0,02C,293_20910,0.0,1.0,0.0,0.0,0.0,1.0,1.0,0.0,0.0,0.0,0.0,0.0,0.0,0.0,0.0,0.0,0.0,0.0,1.0,1.0,1.0,0.0,0.0,2019-11-10
1853543,1,12080.0,12.0,23.0,2019.0,2.0,15.0,26.0,245.0,57.0,14.0,1.0,26.0,1.0,0.0,0.0,002600100S00,45.0,29.0,52.29,-122.0,31.0,24.79,0.0,9.0,7.9,1.0,0.0,0.0,0.0,0.0,0.0,4.0,B,6,4.0,1.0,1.0,1.0,1.0,1.0,0.0,4.0,0.0,0.0,0.0,0.0,2.0,1.0,02B,293_14853,0.0,2.0,0.0,0.0,0.0,1.0,1.0,0.0,1.0,0.0,0.0,0.0,0.0,0.0,0.0,0.0,0.0,0.0,2.0,2.0,1.0,0.0,1.0,2019-12-23
1853582,1,3312.0,9.0,25.0,2019.0,4.0,18.0,3.0,185.0,68.0,14.0,1.0,26.0,1.0,0.0,0.0,002600100S00,45.0,24.0,3.96,-122.0,16.0,48.95,0.0,9.0,23.33,1.0,0.0,0.0,0.0,0.0,0.0,2.0,H,6,4.0,1.0,1.0,1.0,0.0,1.0,3.0,2.0,0.0,0.0,0.0,0.0,4.0,1.0,02C,293_15037,0.0,2.0,0.0,0.0,0.0,2.0,2.0,0.0,0.0,0.0,0.0,0.0,0.0,0.0,0.0,0.0,0.0,0.0,2.0,2.0,2.0,0.0,0.0,2019-09-25
1853585,1,12094.0,12.0,24.0,2019.0,3.0,19.0,26.0,245.0,57.0,14.0,1.0,26.0,1.0,0.0,0.0,002600100S00,45.0,29.0,50.65,-122.0,34.0,18.64,0.0,3.0,5.43,1.0,1.0,0.0,0.0,0.0,0.0,5.0,8,9,5.0,2.0,2.0,2.0,4.0,1.0,3.0,8.0,0.0,0.0,0.0,0.0,2.0,1.0,02B,293_12195,0.0,1.0,0.0,0.0,0.0,0.0,0.0,0.0,5.0,0.0,0.0,0.0,0.0,0.0,0.0,0.0,0.0,0.0,5.0,5.0,5.0,0.0,0.0,2019-12-24
1853606,1,11688.0,12.0,12.0,2019.0,5.0,7.0,26.0,245.0,57.0,14.0,1.0,26.0,1.0,0.0,0.0,002600100S00,45.0,29.0,50.84,-122.0,35.0,47.81,0.0,9.0,4.17,1.0,0.0,0.0,0.0,0.0,0.0,1.0,B,1,4.0,1.0,1.0,1.0,1.0,1.0,3.0,2.0,0.0,0.0,0.0,0.0,2.0,1.0,02B,293_15988,0.0,2.0,0.0,0.0,1.0,0.0,1.0,0.0,1.0,0.0,0.0,0.0,0.0,0.0,0.0,0.0,0.0,0.0,2.0,2.0,1.0,0.0,1.0,2019-12-12
1853699,1,12138.0,12.0,26.0,2019.0,5.0,7.0,26.0,245.0,57.0,14.0,1.0,26.0,1.0,0.0,0.0,002600100S00,45.0,29.0,52.51,-122.0,31.0,23.37,0.0,2.0,7.92,3.0,0.0,0.0,0.0,0.0,2.0,3.0,C,3,4.0,1.0,1.0,1.0,99.0,1.0,5.0,29.0,0.0,0.0,0.0,0.0,2.0,1.0,02B,293_14853,0.0,2.0,0.0,0.0,0.0,1.0,1.0,0.0,1.0,0.0,0.0,0.0,0.0,0.0,0.0,0.0,0.0,0.0,2.0,2.0,1.0,0.0,1.0,2019-12-26
1853728,1,4680.0,12.0,24.0,2019.0,3.0,17.0,3.0,185.0,68.0,14.0,1.0,26.0,1.0,0.0,0.0,002600100S00,45.0,24.0,16.23,-122.0,17.0,23.99,0.0,4.0,22.78,3.0,0.0,1.0,0.0,0.0,4.0,4.0,E,3,4.0,1.0,1.0,5.0,0.0,1.0,3.0,7.0,0.0,0.0,0.0,0.0,4.0,1.0,02C,293_9564,0.0,3.0,0.0,0.0,1.0,3.0,4.0,0.0,3.0,0.0,0.0,0.0,0.0,0.0,0.0,0.0,0.0,0.0,7.0,7.0,7.0,0.0,0.0,2019-12-24
1853731,1,3391.0,10.0,2.0,2019.0,4.0,6.0,3.0,185.0,68.0,14.0,1.0,26.0,1.0,6.0,0.0,0026AQ100S00,45.0,23.0,49.41,-122.0,15.0,22.9,0.0,5.0,24.58,5.0,0.0,1.0,0.0,0.0,1.0,6.0,3,0,4.0,1.0,1.0,4.0,99.0,1.0,3.0,27.0,0.0,0.0,0.0,0.0,4.0,1.0,02C,293_6345,0.0,1.0,0.0,0.0,0.0,1.0,1.0,0.0,1.0,1.0,0.0,1.0,0.0,0.0,0.0,0.0,0.0,0.0,1.0,2.0,1.0,0.0,0.0,2019-10-02