Crash ID,Record Type,Serial #,Crash Month,Crash Day,Crash Year,Week Day Code,Crash Hour,County Code,City Section ID,Urban Area Code,Functional Class Code,NHS Flag,Highway Number,Roadway Number,Highway Component,Mileage Type,Linear Reference System (LRS),Latitude Degrees,Latitude Minutes,Latitude Seconds,Longitude Degrees,Longitude Minutes,Longitude Seconds,Latitude (Decimal Degrees),Intersection Sequence Number,Distance from Intersection,Milepoint,Posted Speed Limit,Off Roadway Flag,Intersection Type,Intersection Related Flag,Roundabout Flag,Number of Turning Legs,Median Type,Impact Location,Crash Type,Collision Type,Crash Severity,Weather Condition,Road Surface Condition,Light Condition,Traffic Control Device (TCD),Crash Level Event 2 Code,School Zone Indicator,Work Zone Indicator,Secondary Crash Indicator,Alcohol-Involved Flag,Crash Marijuana Involved Flag,Population Range Code,Road Control,Route Type,Region ID,District ID,Segment Marker ID,Segment Point LRS Measure,Unlocatable Flag,Total Vehicle Count,Total Fatality Count,Total Suspected Serious Injury (A) Count,Total Suspected Minor Injury (B) Count,Total Possible Injury (C) Count,Total Non-Fatal Injury Count,Total Un-Injured  Children Age 00-04,Total Un-Injured Persons,Total Pedestrian Count,Total Pedestrian Fatality Count,Total Pedestrian Non-Fatal Injury Count,Total Pedalcyclist Count,Total Pedalcyclist Fatality Count,Total Pedalcyclist Non-Fatal Injury Count,Total Unknown Non-Motorist Count,Total Unknown Non-Motorist Fatality Count,Total Unknown Non-Motorist Injury Count,Total Vehicle Occupant Count,date
1853788,1,3353.0,9.0,28.0,2019.0,7.0,15.0,3.0,0.0,0.0,2.0,1.0,26.0,1.0,0.0,0.0,002600100S00,45.0,22.0,29.87,-122.0,7.0,0.69,0.0,0.0,32.41,3.0,0.0,0.0,0.0,0.0,4.0,6.0,C,5,4.0,1.0,1.0,1.0,0.0,1.0,5.0,13.0,0.0,0.0,0.0,0.0,5.0,1.0,02C,293_15683,0.0,2.0,0.0,0.0,0.0,1.0,1.0,0.0,1.0,0.0,0.0,0.0,0.0,0.0,0.0,0.0,0.0,0.0,2.0,2.0,2.0,0.0,0.0,2019-09-28
1853809,1,12178.0,12.0,27.0,2019.0,6.0,17.0,26.0,245.0,57.0,14.0,1.0,26.0,1.0,0.0,0.0,002600100S00,45.0,29.0,50.66,-122.0,34.0,39.69,0.0,3.0,5.14,2.0,0.0,0.0,0.0,0.0,4.0,5.0,A,6,4.0,1.0,1.0,2.0,90.0,1.0,0.0,2.0,0.0,0.0,0.0,0.0,2.0,1.0,02B,293_21074,0.0,2.0,0.0,0.0,1.0,1.0,2.0,0.0,1.0,0.0,0.0,0.0,0.0,0.0,0.0,0.0,0.0,0.0,3.0,3.0,2.0,0.0,1.0,2019-12-27
1853845,1,4684.0,12.0,24.0,2019.0,3.0,10.0,3.0,185.0,68.0,14.0,1.0,26.0,1.0,1.0,0.0,002600100S00,45.0,23.0,46.53,-122.0,15.0,36.11,0.0,7.0,24.38,3.0,0.0,1.0,0.0,0.0,2.0,3.0,E,3,4.0,1.0,1.0,1.0,99.0,1.0,0.0,29.0,0.0,0.0,0.0,0.0,4.0,1.0,02C,293_9595,0.0,3.0,0.0,0.0,1.0,0.0,1.0,0.0,3.0,0.0,0.0,0.0,0.0,0.0,0.0,0.0,0.0,0.0,4.0,4.0,3.0,0.0,1.0,2019-12-24
1853856,1,3370.0,9.0,30.0,2019.0,2.0,16.0,3.0,0.0,0.0,2.0,1.0,26.0,1.0,0.0,0.0,002600100S00,45.0,22.0,30.06,-122.0,12.0,49.92,0.0,0.0,27.46,3.0,0.0,0.0,0.0,0.0,4.0,4.0,E,3,4.0,1.0,1.0,1.0,0.0,1.0,1.0,7.0,0.0,0.0,0.0,0.0,5.0,1.0,02C,293_9599,0.0,2.0,0.0,0.0,1.0,0.0,1.0,0.0,1.0,0.0,0.0,0.0,0.0,0.0,0.0,0.0,0.0,0.0,2.0,2.0,2.0,0.0,0.0,2019-09-30
1853862,1,12314.0,12.0,14.0,2019.0,7.0,14.0,26.0,245.0,57.0,14.0,1.0,26.0,1.0,0.0,0.0,002600100S00,45.0,29.0,50.67,-122.0,34.0,26.59,0.0,9.0,5.32,1.0,0.0,0.0,0.0,0.0,0.0,3.0,H,6,4.0,3.0,2.0,1.0,1.0,1.0,0.0,2.0,0.0,0.0,0.0,0.0,2.0,1.0,02B,293_10833,0.0,2.0,0.0,0.0,0.0,2.0,2.0,0.0,1.0,0.0,0.0,0.0,0.0,0.0,0.0,0.0,0.0,0.0,3.0,3.0,3.0,0.0,0.0,2019-12-14
1853863,1,4700.0,12.0,26.0,2019.0,5.0,18.0,3.0,185.0,68.0,14.0,1.0,26.0,1.0,0.0,0.0,002600100S00,45.0,24.0,17.62,-122.0,17.0,28.11,0.0,8.0,22.72,3.0,0.0,1.0,0.0,0.0,4.0,4.0,E,3,4.0,1.0,1.0,2.0,99.0,1.0,3.0,29.0,1.0,0.0,0.0,0.0,4.0,1.0,02C,293_8495,0.0,2.0,0.0,0.0,0.0,3.0,3.0,0.0,2.0,0.0,0.0,0.0,0.0,0.0,0.0,0.0,0.0,0.0,5.0,5.0,5.0,0.0,0.0,2019-12-26
1853879,1,4182.0,11.0,22.0,2019.0,6.0,12.0,3.0,185.0,68.0,14.0,1.0,26.0,1.0,1.0,0.0,002600100S00,45.0,23.0,46.73,-122.0,15.0,35.13,0.0,1.0,24.4,1.0,0.0,0.0,0.0,0.0,0.0,5.0,3,0,4.0,1.0,1.0,1.0,1.0,1.0,5.0,2.0,0.0,0.0,0.0,0.0,4.0,1.0,02C,293_6840,0.0,1.0,0.0,0.0,1.0,0.0,1.0,0.0,1.0,1.0,0.0,1.0,0.0,0.0,0.0,0.0,0.0,0.0,1.0,2.0,1.0,0.0,0.0,2019-11-22
1853892,1,4202.0,11.0,24.0,2019.0,1.0,20.0,3.0,0.0,0.0,2.0,1.0,26.0,1.0,0.0,0.0,002600100S00,45.0,21.0,59.58,-122.0,9.0,13.87,0.0,0.0,30.47,3.0,1.0,0.0,0.0,0.0,4.0,8.0,8,9,4.0,1.0,1.0,3.0,99.0,1.0,1.0,25.0,0.0,0.0,0.0,0.0,5.0,1.0,02C,293_14987,0.0,1.0,0.0,0.0,1.0,0.0,1.0,0.0,1.0,0.0,0.0,0.0,0.0,0.0,0.0,0.0,0.0,0.0,2.0,2.0,2.0,0.0,0.0,2019-11-24
1853898,1,4214.0,11.0,25.0,2019.0,2.0,12.0,3.0,185.0,68.0,14.0,1.0,26.0,1.0,0.0,0.0,002600100S00,45.0,24.0,4.76,-122.0,16.0,51.25,0.0,8.0,23.29,3.0,0.0,0.0,0.0,0.0,4.0,6.0,E,3,4.0,3.0,2.0,1.0,0.0,1.0,3.0,29.0,0.0,0.0,0.0,0.0,4.0,1.0,02C,293_17678,0.0,3.0,0.0,0.0,0.0,1.0,1.0,0.0,3.0,0.0,0.0,0.0,0.0,0.0,0.0,0.0,0.0,0.0,4.0,4.0,3.0,0.0,1.0,2019-11-25
1853962,1,3757.0,10.0,26.0,2019.0,7.0,16.0,3.0,0.0,0.0,2.0,1.0,26.0,1.0,0.0,0.0,002600100S00,45.0,22.0,24.74,-122.0,1.0,28.17,0.0,5.0,37.06,1.0,0.0,0.0,0.0,0.0,0.0,6.0,A,6,4.0,2.0,1.0,1.0,4.0,1.0,1.0,8.0,1.0,0.0,0.0,0.0,5.0,1.0,02C,293_13409,0.0,2.0,0.0,0.0,0.0,2.0,2.0,0.0,1.0,0.0,0.0,0.0,0.0,0.0,0.0,0.0,0.0,0.0,3.0,3.0,3.0,0.0,0.0,2019-10-26
1854007,1,3749.0,10.0,26.0,2019.0,7.0,15.0,3.0,0.0,0.0,2.0,1.0,26.0,1.0,6.0,0.0,0026BJ100S00,45.0,25.0,5.88,-122.0,19.0,2.52,0.0,9.0,21.33,1.0,0.0,0.0,0.0,1.0,0.0,2.0,H,6,4.0,1.0,1.0,1.0,7.0,1.0,2.0,2.0,0.0,0.0,0.0,0.0,5.0,1.0,02C,293_3521,0.0,2.0,0.0,0.0,2.0,2.0,4.0,0.0,0.0,0.0,0.0,0.0,0.0,0.0,0.0,0.0,0.0,0.0,4.0,4.0,1.0,3.0,0.0,2019-10-26
1854013,1,12109.0,12.0,25.0,2019.0,4.0,16.0,26.0,247.0,57.0,16.0,0.0,26.0,1.0,0.0,0.0,002600100S00,45.0,30.0,1.4,-122.0,40.0,30.92,0.0,8.0,0.27,1.0,0.0,0.0,0.0,0.0,0.0,6.0,E,3,4.0,1.0,1.0,1.0,4.0,1.0,0.0,29.0,0.0,0.0,0.0,0.0,2.0,1.0,02B,293_6790,0.0,2.0,0.0,0.0,0.0,1.0,1.0,0.0,3.0,0.0,0.0,0.0,0.0,0.0,0.0,0.0,0.0,0.0,4.0,4.0,3.0,0.0,1.0,2019-12-25
1854063,1,4171.0,11.0,22.0,2019.0,6.0,17.0,3.0,0.0,0.0,2.0,1.0,26.0,1.0,0.0,0.0,002600100S00,45.0,21.0,36.2,-121.0,59.0,45.66,0.0,0.0,38.75,1.0,0.0,0.0,0.0,0.0,0.0,4.0,B,6,4.0,1.0,1.0,3.0,4.0,1.0,1.0,2.0,0.0,0.0,1.0,0.0,5.0,1.0,02C,293_13410,0.0,2.0,0.0,0.0,0.0,1.0,1.0,0.0,2.0,0.0,0.0,0.0,0.0,0.0,0.0,0.0,0.0,0.0,3.0,3.0,3.0,0.0,0.0,2019-11-22
1854066,1,12388.0,12.0,27.0,2019.0,6.0,12.0,26.0,245.0,57.0,14.0,1.0,26.0,1.0,0.0,0.0,002600100S00,45.0,29.0,32.3,-122.0,29.0,4.85,0.0,8.0,9.87,1.0,0.0,0.0,0.0,0.0,0.0,6.0,E,3,4.0,1.0,1.0,1.0,1.0,1.0,3.0,29.0,0.0,0.0,0.0,1.0,2.0,1.0,02B,293_16249,0.0,2.0,0.0,0.0,0.0,1.0,1.0,0.0,1.0,0.0,0.0,0.0,0.0,0.0,0.0,0.0,0.0,0.0,2.0,2.0,0.0,0.0,2.0,2019-12-27
1854071,1,12391.0,12.0,24.0,2019.0,3.0,15.0,26.0,245.0,57.0,14.0,1.0,26.0,1.0,0.0,0.0,002600100S00,45.0,29.0,49.42,-122.0,32.0,17.9,0.0,7.0,7.18,3.0,0.0,1.0,0.0,0.0,2.0,3.0,E,3,4.0,1.0,1.0,1.0,99.0,1.0,0.0,29.0,0.0,0.0,0.0,0.0,2.0,1.0,02B,293_18791,0.0,2.0,0.0,0.0,0.0,1.0,1.0,0.0,1.0,0.0,0.0,0.0,0.0,0.0,0.0,0.0,0.0,0.0,2.0,2.0,1.0,0.0,1.0,2019-12-24
1854092,1,12286.0,12.0,14.0,2019.0,7.0,22.0,26.0,245.0,57.0,14.0,1.0,26.0,1.0,0.0,0.0,002600100S00,45.0,29.0,52.6,-122.0,38.0,22.63,0.0,1.0,2.07,1.0,0.0,0.0,0.0,0.0,0.0,6.0,A,6,4.0,3.0,2.0,2.0,1.0,1.0,3.0,8.0,0.0,0.0,0.0,1.0,2.0,1.0,02B,293_14612,0.0,2.0,0.0,0.0,0.0,1.0,1.0,0.0,1.0,0.0,0.0,0.0,0.0,0.0,0.0,0.0,0.0,0.0,2.0,2.0,1.0,0.0,1.0,2019-12-14
1854099,1,12327.0,12.0,19.0,2019.0,5.0,18.0,26.0,245.0,57.0,14.0,1.0,26.0,1.0,0.0,0.0,002600100S00,45.0,29.0,47.81,-122.0,32.0,50.41,0.0,3.0,6.74,2.0,0.0,0.0,0.0,0.0,2.0,3.0,B,6,4.0,3.0,2.0,2.0,1.0,1.0,3.0,2.0,0.0,0.0,0.0,1.0,2.0,1.0,02B,293_13269,0.0,2.0,0.0,0.0,0.0,1.0,1.0,0.0,1.0,0.0,0.0,0.0,0.0,0.0,0.0,0.0,0.0,0.0,2.0,2.0,1.0,0.0,1.0,2019-12-19
1854169,1,11721.0,12.0,12.0,2019.0,5.0,7.0,26.0,245.0,57.0,14.0,1.0,26.0,1.0,0.0,0.0,002600100S00,45.0,29.0,50.83,-122.0,35.0,47.82,0.0,3.0,4.17,1.0,0.0,0.0,0.0,0.0,0.0,6.0,E,3,4.0,3.0,2.0,2.0,1.0,1.0,3.0,29.0,0.0,0.0,0.0,0.0,2.0,1.0,02B,293_15988,0.0,2.0,0.0,0.0,0.0,1.0,1.0,0.0,1.0,0.0,0.0,0.0,0.0,0.0,0.0,0.0,0.0,0.0,2.0,2.0,1.0,0.0,1.0,2019-12-12
1854273,1,8633.0,9.0,21.0,2019.0,7.0,12.0,26.0,250.0,57.0,14.0,1.0,26.0,1.0,0.0,0.0,002600100S00,45.0,30.0,5.68,-122.0,39.0,35.46,0.0,7.0,1.04,3.0,0.0,0.0,0.0,0.0,4.0,5.0,E,3,4.0,1.0,1.0,1.0,99.0,1.0,0.0,7.0,0.0,0.0,0.0,0.0,2.0,1.0,02B,293_6795,0.0,3.0,0.0,0.0,0.0,1.0,1.0,0.0,3.0,0.0,0.0,0.0,0.0,0.0,0.0,0.0,0.0,0.0,4.0,4.0,4.0,0.0,0.0,2019-09-21
1854286,1,9176.0,9.0,22.0,2019.0,1.0,23.0,26.0,245.0,57.0,14.0,1.0,26.0,1.0,0.0,0.0,002600100S00,45.0,30.0,5.38,-122.0,39.0,21.55,0.0,8.0,1.24,3.0,0.0,0.0,0.0,0.0,4.0,0.0,6,1,4.0,2.0,2.0,2.0,99.0,1.0,3.0,18.0,0.0,0.0,0.0,0.0,2.0,1.0,02B,293_10831,0.0,1.0,0.0,0.0,1.0,0.0,1.0,0.0,1.0,0.0,0.0,0.0,1.0,0.0,1.0,0.0,0.0,0.0,1.0,2.0,0.0,0.0,2.0,2019-09-22
1854309,1,3822.0,10.0,30.0,2019.0,4.0,13.0,3.0,0.0,57.0,14.0,1.0,26.0,1.0,6.0,0.0,0026AK100S00,45.0,25.0,57.61,-122.0,20.0,42.95,0.0,0.0,19.49,1.0,0.0,0.0,0.0,0.0,0.0,6.0,E,3,4.0,1.0,1.0,1.0,4.0,1.0,0.0,29.0,0.0,0.0,0.0,0.0,8.0,1.0,02C,293_6308,0.0,2.0,0.0,0.0,0.0,1.0,1.0,0.0,1.0,0.0,0.0,0.0,0.0,0.0,0.0,0.0,0.0,0.0,2.0,2.0,1.0,0.0,1.0,2019-10-30
1854335,1,8883.0,9.0,28.0,2019.0,7.0,0.0,26.0,245.0,57.0,14.0,1.0,26.0,1.0,0.0,0.0,002600100S00,45.0,29.0,52.78,-122.0,31.0,21.94,0.0,3.0,7.94,3.0,0.0,0.0,0.0,0.0,3.0,4.0,G,2,4.0,3.0,2.0,2.0,22.0,1.0,5.0,33.0,1.0,0.0,0.0,0.0,2.0,1.0,02B,293_14853,0.0,2.0,0.0,0.0,1.0,0.0,1.0,0.0,1.0,0.0,0.0,0.0,0.0,0.0,0.0,0.0,0.0,0.0,2.0,2.0,2.0,0.0,0.0,2019-09-28
1854338,1,8676.0,9.0,23.0,2019.0,2.0,17.0,26.0,245.0,57.0,14.0,1.0,26.0,1.0,6.0,0.0,0026AD100S00,45.0,30.0,1.92,-122.0,39.0,38.14,0.0,8.0,1.05,3.0,0.0,0.0,0.0,0.0,1.0,3.0,E,3,4.0,1.0,1.0,1.0,15.0,1.0,0.0,29.0,0.0,0.0,0.0,0.0,2.0,1.0,02B,293_6303,0.0,2.0,0.0,0.0,0.0,1.0,1.0,0.0,1.0,0.0,0.0,0.0,0.0,0.0,0.0,0.0,0.0,0.0,2.0,2.0,2.0,0.0,0.0,2019-09-23
1854339,1,8874.0,9.0,28.0,2019.0,7.0,19.0,26.0,245.0,57.0,14.0,1.0,26.0,1.0,0.0,0.0,002600100S00,45.0,30.0,4.92,-122.0,39.0,18.68,0.0,8.0,1.28,3.0,0.0,0.0,0.0,0.0,5.0,0.0,E,3,4.0,1.0,1.0,5.0,99.0,1.0,0.0,29.0,0.0,0.0,0.0,0.0,2.0,1.0,02B,293_15034,0.0,4.0,0.0,0.0,0.0,2.0,2.0,0.0,3.0,0.0,0.0,0.0,0.0,0.0,0.0,0.0,0.0,0.0,5.0,5.0,1.0,0.0,4.0,2019-09-28
1854347,1,4.0,1.0,1.0,2019.0,3.0,11.0,3.0,0.0,0.0,2.0,1.0,26.0,1.0,0.0,0.0,002600100S00,45.0,20.0,37.67,-121.0,56.0,33.79,0.0,9.0,41.59,1.0,0.0,0.0,0.0,0.0,0.0,1.0,B,6,5.0,6.0,4.0,1.0,4.0,1.0,1.0,1.0,0.0,0.0,1.0,0.0,5.0,1.0,02C,293_15725,0.0,2.0,0.0,0.0,0.0,0.0,0.0,0.0,4.0,0.0,0.0,0.0,0.0,0.0,0.0,0.0,0.0,0.0,4.0,4.0,4.0,0.0,0.0,2019-01-01
1854392,1,8865.0,9.0,27.0,2019.0,6.0,8.0,26.0,247.0,57.0,14.0,1.0,26.0,1.0,0.0,0.0,002600100S00,45.0,30.0,1.94,-122.0,40.0,25.43,0.0,4.0,0.37,8.0,0.0,0.0,0.0,0.0,4.0,6.0,E,3,4.0,1.0,1.0,1.0,99.0,1.0,0.0,29.0,0.0,0.0,0.0,0.0,2.0,1.0,02B,293_6794,0.0,2.0,0.0,0.0,0.0,1.0,1.0,0.0,1.0,0.0,0.0,0.0,0.0,0.0,0.0,0.0,0.0,0.0,2.0,2.0,0.0,1.0,1.0,2019-09-27
1854398,1,8886.0,9.0,28.0,2019.0,7.0,8.0,26.0,247.0,57.0,16.0,0.0,26.0,1.0,0.0,0.0,002600100S00,45.0,30.0,1.4,-122.0,40.0,30.92,0.0,9.0,0.27,1.0,0.0,0.0,0.0,0.0,0.0,3.0,B,6,4.0,1.0,1.0,1.0,4.0,1.0,0.0,2.0,0.0,0.0,0.0,0.0,2.0,1.0,02B,293_6790,0.0,2.0,0.0,0.0,0.0,1.0,1.0,0.0,2.0,0.0,0.0,0.0,0.0,0.0,0.0,0.0,0.0,0.0,3.0,3.0,3.0,0.0,0.0,2019-09-28
1854483,1,22.0,1.0,2.0,2019.0,4.0,16.0,26.0,245.0,57.0,14.0,1.0,26.0,1.0,0.0,0.0,002600100S00,45.0,29.0,50.71,-122.0,34.0,54.92,0.0,3.0,4.89,1.0,0.0,0.0,0.0,0.0,0.0,6.0,C,5,5.0,1.0,1.0,1.0,99.0,1.0,3.0,13.0,0.0,0.0,0.0,0.0,2.0,1.0,02B,293_19989,0.0,2.0,0.0,0.0,0.0,0.0,0.0,0.0,3.0,0.0,0.0,0.0,0.0,0.0,0.0,0.0,0.0,0.0,3.0,3.0,3.0,0.0,0.0,2019-01-02
1854569,1,52.0,1.0,7.0,2019.0,2.0,7.0,3.0,0.0,0.0,2.0,1.0,26.0,1.0,0.0,0.0,002600100S00,45.0,22.0,9.5,-122.0,8.0,3.56,0.0,0.0,31.44,3.0,1.0,0.0,0.0,0.0,4.0,8.0,8,9,5.0,6.0,3.0,4.0,0.0,1.0,1.0,30.0,0.0,0.0,1.0,0.0,5.0,1.0,02C,293_15683,0.0,1.0,0.0,0.0,0.0,0.0,0.0,0.0,1.0,0.0,0.0,0.0,0.0,0.0,0.0,0.0,0.0,0.0,1.0,1.0,1.0,0.0,0.0,2019-01-07
1854731,1,1018.0,2.0,4.0,2019.0,2.0,14.0,26.0,245.0,57.0,14.0,1.0,26.0,1.0,0.0,0.0,002600100S00,45.0,29.0,49.36,-122.0,37.0,34.31,0.0,9.0,2.73,1.0,0.0,0.0,0.0,0.0,0.0,3.0,B,6,5.0,3.0,2.0,1.0,4.0,1.0,0.0,2.0,0.0,0.0,0.0,0.0,2.0,1.0,02B,293_19139,0.0,2.0,0.0,0.0,0.0,0.0,0.0,0.0,2.0,0.0,0.0,0.0,0.0,0.0,0.0,0.0,0.0,0.0,2.0,2.0,0.0,0.0,2.0,2019-02-04
1854794,1,130.0,1.0,5.0,2019.0,7.0,23.0,26.0,245.0,57.0,14.0,1.0,26.0,1.0,0.0,0.0,002600100S00,45.0,30.0,5.56,-122.0,39.0,29.54,0.0,7.0,1.13,3.0,0.0,0.0,0.0,0.0,5.0,5.0,C,3,5.0,3.0,2.0,2.0,99.0,1.0,0.0,29.0,0.0,0.0,0.0,0.0,2.0,1.0,02B,293_6797,0.0,2.0,0.0,0.0,0.0,0.0,0.0,0.0,2.0,0.0,0.0,0.0,0.0,0.0,0.0,0.0,0.0,0.0,2.0,2.0,1.0,0.0,1.0,2019-01-05
1854861,1,172.0,1.0,7.0,2019.0,2.0,12.0,26.0,245.0,57.0,14.0,1.0,26.0,1.0,0.0,0.0,002600100S00,45.0,29.0,50.66,-122.0,34.0,39.68,0.0,3.0,5.14,3.0,0.0,0.0,0.0,1.0,4.0,6.0,B,6,5.0,1.0,1.0,1.0,99.0,1.0,0.0,2.0,0.0,0.0,0.0,0.0,2.0,1.0,02B,293_21074,0.0,2.0,0.0,0.0,0.0,0.0,0.0,0.0,2.0,0.0,0.0,0.0,0.0,0.0,0.0,0.0,0.0,0.0,2.0,2.0,1.0,0.0,1.0,2019-01-07
1854881,1,178.0,1.0,7.0,2019.0,2.0,10.0,26.0,245.0,57.0,14.0,1.0,26.0,1.0,0.0,0.0,002600100S00,45.0,29.0,47.76,-122.0,32.0,51.18,0.0,3.0,6.73,3.0,0.0,1.0,0.0,0.0,2.0,4.0,C,3,5.0,1.0,1.0,1.0,99.0,1.0,0.0,29.0,0.0,0.0,0.0,0.0,2.0,1.0,02B,293_13269,0.0,2.0,0.0,0.0,0.0,0.0,0.0,0.0,2.0,0.0,0.0,0.0,0.0,0.0,0.0,0.0,0.0,0.0,2.0,2.0,1.0,0.0,1.0,2019-01-07
1854887,1,1119.0,2.0,6.0,2019.0,4.0,11.0,26.0,245.0,57.0,14.0,1.0,26.0,1.0,0.0,0.0,002600100S00,45.0,29.0,50.57,-122.0,34.0,6.56,0.0,7.0,5.59,1.0,0.0,0.0,0.0,0.0,0.0,6.0,E,3,5.0,1.0,1.0,1.0,1.0,1.0,0.0,29.0,0.0,0.0,0.0,0.0,2.0,1.0,02B,293_10834,0.0,2.0,0.0,0.0,0.0,0.0,0.0,0.0,2.0,0.0,0.0,0.0,0.0,0.0,0.0,0.0,0.0,0.0,2.0,2.0,1.0,0.0,1.0,2019-02-06
1854987,1,221.0,1.0,9.0,2019.0,4.0,12.0,26.0,247.0,57.0,16.0,0.0,26.0,2.0,0.0,0.0,002600200S00,45.0,30.0,10.98,-122.0,40.0,35.98,0.0,9.0,0.09,1.0,0.0,0.0,0.0,0.0,0.0,1.0,B,6,5.0,3.0,2.0,1.0,4.0,1.0,0.0,2.0,0.0,0.0,0.0,0.0,2.0,1.0,02B,293_6878,0.0,2.0,0.0,0.0,0.0,0.0,0.0,0.0,2.0,0.0,0.0,0.0,0.0,0.0,0.0,0.0,0.0,0.0,2.0,2.0,1.0,0.0,1.0,2019-01-09
1854997,1,225.0,1.0,9.0,2019.0,4.0,9.0,26.0,245.0,57.0,14.0,1.0,26.0,1.0,0.0,0.0,002600100S00,45.0,29.0,52.28,-122.0,31.0,24.78,0.0,3.0,7.9,1.0,0.0,0.0,0.0,0.0,0.0,6.0,E,3,5.0,3.0,2.0,1.0,1.0,1.0,0.0,29.0,0.0,0.0,0.0,0.0,2.0,1.0,02B,293_14853,0.0,2.0,0.0,0.0,0.0,0.0,0.0,0.0,2.0,0.0,0.0,0.0,0.0,0.0,0.0,0.0,0.0,0.0,2.0,2.0,1.0,0.0,1.0,2019-01-09
1855110,1,1194.0,2.0,9.0,2019.0,7.0,2.0,26.0,245.0,57.0,14.0,1.0,26.0,1.0,0.0,0.0,002600100S00,45.0,29.0,49.8,-122.0,32.0,6.23,0.0,7.0,7.34,3.0,1.0,0.0,0.0,0.0,2.0,1.0,2,5,5.0,6.0,3.0,2.0,99.0,1.0,3.0,1.0,0.0,0.0,1.0,0.0,2.0,1.0,02B,293_20865,0.0,2.0,0.0,0.0,0.0,0.0,0.0,0.0,1.0,0.0,0.0,0.0,0.0,0.0,0.0,0.0,0.0,0.0,1.0,1.0,0.0,0.0,1.0,2019-02-09
1855361,1,1253.0,2.0,11.0,2019.0,2.0,16.0,26.0,245.0,57.0,14.0,1.0,26.0,1.0,0.0,0.0,002600100S00,45.0,29.0,47.66,-122.0,32.0,52.72,0.0,7.0,6.71,1.0,0.0,0.0,0.0,0.0,0.0,6.0,E,3,5.0,3.0,2.0,1.0,1.0,1.0,5.0,29.0,0.0,0.0,0.0,0.0,2.0,1.0,02B,293_13269,0.0,2.0,0.0,0.0,0.0,0.0,0.0,0.0,2.0,0.0,0.0,0.0,0.0,0.0,0.0,0.0,0.0,0.0,2.0,2.0,1.0,0.0,1.0,2019-02-11
1855400,1,366.0,1.0,14.0,2019.0,2.0,18.0,26.0,245.0,57.0,14.0,1.0,26.0,1.0,0.0,0.0,002600100S00,45.0,30.0,4.18,-122.0,39.0,15.2,0.0,9.0,1.32,1.0,0.0,0.0,0.0,1.0,0.0,3.0,H,6,5.0,1.0,1.0,2.0,99.0,1.0,5.0,2.0,0.0,0.0,0.0,0.0,2.0,1.0,02B,293_12192,0.0,2.0,0.0,0.0,0.0,0.0,0.0,0.0,2.0,0.0,0.0,0.0,0.0,0.0,0.0,0.0,0.0,0.0,2.0,2.0,1.0,0.0,1.0,2019-01-14
1855571,1,461.0,1.0,17.0,2019.0,5.0,18.0,26.0,245.0,57.0,14.0,1.0,26.0,1.0,0.0,0.0,002600100S00,45.0,29.0,50.41,-122.0,31.0,52.18,0.0,9.0,7.53,1.0,0.0,0.0,0.0,0.0,0.0,3.0,F,7,5.0,3.0,2.0,2.0,99.0,1.0,3.0,2.0,0.0,0.0,0.0,0.0,2.0,1.0,02B,293_19391,0.0,2.0,0.0,0.0,0.0,0.0,0.0,0.0,3.0,0.0,0.0,0.0,0.0,0.0,0.0,0.0,0.0,0.0,3.0,3.0,3.0,0.0,0.0,2019-01-17
1855657,1,468.0,1.0,17.0,2019.0,5.0,8.0,26.0,245.0,57.0,14.0,1.0,26.0,1.0,0.0,0.0,002600100S00,45.0,29.0,49.1,-122.0,38.0,0.85,0.0,8.0,2.37,1.0,0.0,0.0,0.0,0.0,0.0,6.0,E,3,4.0,1.0,2.0,1.0,19.0,1.0,3.0,29.0,0.0,0.0,0.0,0.0,2.0,1.0,02B,293_15985,0.0,2.0,0.0,0.0,0.0,1.0,1.0,0.0,1.0,0.0,0.0,0.0,0.0,0.0,0.0,0.0,0.0,0.0,2.0,2.0,2.0,0.0,0.0,2019-01-17
1855808,1,538.0,1.0,19.0,2019.0,7.0,0.0,26.0,245.0,57.0,14.0,1.0,26.0,1.0,0.0,0.0,002600100S00,45.0,29.0,50.78,-122.0,35.0,20.82,0.0,7.0,4.54,1.0,0.0,0.0,0.0,0.0,0.0,6.0,E,3,5.0,2.0,2.0,2.0,1.0,1.0,3.0,7.0,0.0,0.0,0.0,0.0,2.0,1.0,02B,293_19988,0.0,2.0,0.0,0.0,0.0,0.0,0.0,0.0,2.0,0.0,0.0,0.0,0.0,0.0,0.0,0.0,0.0,0.0,2.0,2.0,2.0,0.0,0.0,2019-01-19
1855937,1,624.0,1.0,22.0,2019.0,3.0,7.0,26.0,245.0,57.0,14.0,1.0,26.0,1.0,0.0,0.0,002600100S00,45.0,29.0,40.6,-122.0,29.0,44.96,0.0,4.0,9.31,3.0,0.0,1.0,0.0,0.0,2.0,4.0,E,3,5.0,1.0,2.0,4.0,99.0,1.0,0.0,29.0,0.0,0.0,0.0,0.0,2.0,1.0,02B,293_17374,0.0,2.0,0.0,0.0,0.0,0.0,0.0,0.0,2.0,0.0,0.0,0.0,0.0,0.0,0.0,0.0,0.0,0.0,2.0,2.0,1.0,0.0,1.0,2019-01-22