Crash ID,Record Type,Serial #,Crash Month,Crash Day,Crash Year,Week Day Code,Crash Hour,County Code,City Section ID,Urban Area Code,Functional Class Code,NHS Flag,Highway Number,Roadway Number,Highway Component,Mileage Type,Linear Reference System (LRS),Latitude Degrees,Latitude Minutes,Latitude Seconds,Longitude Degrees,Longitude Minutes,Longitude Seconds,Latitude (Decimal Degrees),Intersection Sequence Number,Distance from Intersection,Milepoint,Posted Speed Limit,Off Roadway Flag,Intersection Type,Intersection Related Flag,Roundabout Flag,Number of Turning Legs,Median Type,Impact Location,Crash Type,Collision Type,Crash Severity,Weather Condition,Road Surface Condition,Light Condition,Traffic Control Device (TCD),Crash Level Event 2 Code,School Zone Indicator,Work Zone Indicator,Secondary Crash Indicator,Alcohol-Involved Flag,Crash Marijuana Involved Flag,Population Range Code,Road Control,Route Type,Region ID,District ID,Segment Marker ID,Segment Point LRS Measure,Unlocatable Flag,Total Vehicle Count,Total Fatality Count,Total Suspected Serious Injury (A) Count,Total Suspected Minor Injury (B) Count,Total Possible Injury (C) Count,Total Non-Fatal Injury Count,Total Un-Injured  Children Age 00-04,Total Un-Injured Persons,Total Pedestrian Count,Total Pedestrian Fatality Count,Total Pedestrian Non-Fatal Injury Count,Total Pedalcyclist Count,Total Pedalcyclist Fatality Count,Total Pedalcyclist Non-Fatal Injury Count,Total Unknown Non-Motorist Count,Total Unknown Non-Motorist Fatality Count,Total Unknown Non-Motorist Injury Count,Total Vehicle Occupant Count,date
1855957,1,627.0,1.0,23.0,2019.0,4.0,16.0,26.0,245.0,57.0,14.0,1.0,26.0,1.0,0.0,0.0,002600100S00,45.0,29.0,47.66,-122.0,32.0,52.72,0.0,3.0,6.71,1.0,0.0,0.0,0.0,1.0,0.0,6.0,A,6,5.0,1.0,1.0,1.0,22.0,1.0,3.0,2.0,0.0,0.0,0.0,0.0,2.0,1.0,02B,293_13269,0.0,2.0,0.0,0.0,0.0,0.0,0.0,0.0,2.0,0.0,0.0,0.0,0.0,0.0,0.0,0.0,0.0,0.0,2.0,2.0,0.0,0.0,2.0,2019-01-23
1856211,1,719.0,1.0,25.0,2019.0,6.0,20.0,26.0,245.0,57.0,14.0,1.0,26.0,1.0,0.0,0.0,002600100S00,45.0,29.0,50.43,-122.0,37.0,21.37,0.0,9.0,2.91,1.0,0.0,0.0,0.0,0.0,0.0,3.0,J,6,5.0,1.0,1.0,2.0,1.0,1.0,0.0,8.0,0.0,0.0,0.0,0.0,2.0,1.0,02B,293_19721,0.0,2.0,0.0,0.0,0.0,0.0,0.0,0.0,2.0,0.0,0.0,0.0,0.0,0.0,0.0,0.0,0.0,0.0,2.0,2.0,1.0,0.0,1.0,2019-01-25
1856237,1,520.0,2.0,12.0,2019.0,3.0,14.0,3.0,185.0,68.0,14.0,1.0,26.0,1.0,1.0,0.0,002600100S00,45.0,23.0,46.72,-122.0,15.0,46.3,0.0,3.0,24.25,3.0,0.0,0.0,0.0,0.0,2.0,3.0,C,5,5.0,6.0,2.0,1.0,0.0,1.0,5.0,13.0,0.0,0.0,0.0,0.0,4.0,1.0,02C,293_10838,0.0,2.0,0.0,0.0,0.0,0.0,0.0,0.0,2.0,0.0,0.0,0.0,0.0,0.0,0.0,0.0,0.0,0.0,2.0,2.0,1.0,0.0,1.0,2019-02-12
1856784,1,651.0,2.0,23.0,2019.0,7.0,12.0,3.0,0.0,0.0,9.0,0.0,26.0,1.0,3.0,0.0,0026BF100S00,45.0,18.0,7.53,-121.0,44.0,46.28,0.0,1.0,54.07,1.0,0.0,0.0,0.0,0.0,0.0,6.0,A,6,5.0,6.0,4.0,1.0,7.0,1.0,0.0,8.0,0.0,0.0,0.0,0.0,5.0,1.0,02C,293_16469,0.0,2.0,0.0,0.0,0.0,0.0,0.0,0.0,2.0,0.0,0.0,0.0,0.0,0.0,0.0,0.0,0.0,0.0,2.0,2.0,1.0,0.0,1.0,2019-02-23
1857340,1,1580.0,2.0,21.0,2019.0,5.0,10.0,26.0,247.0,57.0,16.0,0.0,26.0,2.0,0.0,0.0,002600200S00,45.0,30.0,5.45,-122.0,40.0,31.31,0.0,1.0,0.21,3.0,0.0,0.0,0.0,0.0,3.0,4.0,C,5,5.0,1.0,1.0,1.0,99.0,1.0,0.0,13.0,0.0,0.0,0.0,0.0,2.0,1.0,02B,293_374,0.0,2.0,0.0,0.0,0.0,0.0,0.0,0.0,2.0,0.0,0.0,0.0,0.0,0.0,0.0,0.0,0.0,0.0,2.0,2.0,1.0,0.0,1.0,2019-02-21
1857364,1,1615.0,2.0,22.0,2019.0,6.0,99.0,26.0,245.0,57.0,14.0,1.0,26.0,1.0,0.0,0.0,002600100S00,45.0,29.0,50.66,-122.0,34.0,40.43,0.0,3.0,5.13,3.0,0.0,0.0,0.0,0.0,4.0,6.0,C,5,5.0,1.0,1.0,1.0,99.0,1.0,0.0,13.0,0.0,0.0,0.0,0.0,2.0,1.0,02B,293_21074,0.0,2.0,0.0,0.0,0.0,0.0,0.0,0.0,2.0,0.0,0.0,0.0,0.0,0.0,0.0,0.0,0.0,0.0,2.0,2.0,0.0,0.0,2.0,2019-02-22
1857401,1,1618.0,2.0,22.0,2019.0,6.0,17.0,26.0,245.0,57.0,14.0,1.0,26.0,1.0,0.0,0.0,002600100S00,45.0,29.0,50.95,-122.0,36.0,32.58,0.0,3.0,3.57,1.0,0.0,0.0,0.0,0.0,0.0,6.0,E,3,5.0,1.0,1.0,5.0,1.0,1.0,0.0,29.0,0.0,0.0,0.0,0.0,2.0,1.0,02B,293_19986,0.0,2.0,0.0,0.0,0.0,0.0,0.0,0.0,2.0,0.0,0.0,0.0,0.0,0.0,0.0,0.0,0.0,0.0,2.0,2.0,0.0,0.0,2.0,2019-02-22
1857514,1,1634.0,2.0,23.0,2019.0,7.0,19.0,26.0,245.0,57.0,14.0,1.0,26.0,1.0,0.0,0.0,002600100S00,45.0,29.0,50.7,-122.0,35.0,5.36,0.0,1.0,4.74,1.0,1.0,0.0,0.0,0.0,0.0,5.0,8,9,5.0,3.0,2.0,3.0,4.0,1.0,0.0,8.0,0.0,0.0,0.0,0.0,2.0,1.0,02B,293_19723,0.0,1.0,0.0,0.0,0.0,0.0,0.0,0.0,1.0,0.0,0.0,0.0,0.0,0.0,0.0,0.0,0.0,0.0,1.0,1.0,1.0,0.0,0.0,2019-02-23
1857668,1,1653.0,2.0,25.0,2019.0,2.0,12.0,26.0,245.0,57.0,14.0,1.0,26.0,1.0,0.0,0.0,002600100S00,45.0,29.0,52.99,-122.0,30.0,38.24,0.0,4.0,8.55,1.0,0.0,0.0,0.0,0.0,0.0,6.0,E,3,5.0,2.0,0.0,1.0,1.0,1.0,3.0,29.0,0.0,0.0,0.0,0.0,2.0,1.0,02B,293_18831,0.0,2.0,0.0,0.0,0.0,0.0,0.0,0.0,2.0,0.0,0.0,0.0,0.0,0.0,0.0,0.0,0.0,0.0,2.0,2.0,1.0,0.0,1.0,2019-02-25
1858032,1,1940.0,3.0,6.0,2019.0,4.0,8.0,26.0,245.0,57.0,14.0,1.0,26.0,1.0,0.0,0.0,002600100S00,45.0,29.0,50.75,-122.0,35.0,9.05,0.0,0.0,4.69,1.0,0.0,0.0,0.0,0.0,0.0,6.0,E,3,5.0,3.0,2.0,4.0,1.0,1.0,0.0,29.0,0.0,0.0,0.0,0.0,2.0,1.0,02B,293_20778,0.0,2.0,0.0,0.0,0.0,0.0,0.0,0.0,2.0,0.0,0.0,0.0,0.0,0.0,0.0,0.0,0.0,0.0,2.0,2.0,0.0,0.0,2.0,2019-03-06
1858057,1,1952.0,3.0,7.0,2019.0,5.0,9.0,26.0,245.0,57.0,14.0,1.0,26.0,1.0,0.0,0.0,002600100S00,45.0,29.0,51.17,-122.0,36.0,58.87,0.0,3.0,3.21,1.0,0.0,0.0,0.0,0.0,0.0,6.0,E,3,5.0,3.0,2.0,1.0,99.0,1.0,0.0,29.0,0.0,0.0,0.0,0.0,2.0,1.0,02B,293_20034,0.0,2.0,0.0,0.0,0.0,0.0,0.0,0.0,6.0,0.0,0.0,0.0,0.0,0.0,0.0,0.0,0.0,0.0,6.0,6.0,6.0,0.0,0.0,2019-03-07
1858160,1,1986.0,3.0,8.0,2019.0,6.0,19.0,26.0,245.0,57.0,14.0,1.0,26.0,1.0,0.0,0.0,002600100S00,45.0,29.0,50.74,-122.0,38.0,9.47,0.0,8.0,2.25,3.0,0.0,0.0,0.0,1.0,4.0,6.0,C,3,5.0,6.0,2.0,2.0,99.0,1.0,0.0,29.0,0.0,0.0,0.0,0.0,2.0,1.0,02B,293_13691,0.0,2.0,0.0,0.0,0.0,0.0,0.0,0.0,2.0,0.0,0.0,0.0,0.0,0.0,0.0,0.0,0.0,0.0,2.0,2.0,1.0,0.0,1.0,2019-03-08
1858180,1,1991.0,3.0,8.0,2019.0,6.0,12.0,26.0,245.0,57.0,14.0,1.0,26.0,1.0,0.0,0.0,002600100S00,45.0,29.0,49.49,-122.0,32.0,15.58,0.0,9.0,7.21,1.0,0.0,0.0,0.0,0.0,0.0,4.0,B,6,5.0,1.0,1.0,1.0,1.0,1.0,0.0,4.0,0.0,0.0,0.0,0.0,2.0,1.0,02B,293_18791,0.0,2.0,0.0,0.0,0.0,0.0,0.0,0.0,3.0,0.0,0.0,0.0,0.0,0.0,0.0,0.0,0.0,0.0,3.0,3.0,2.0,0.0,1.0,2019-03-08
1858328,1,1677.0,2.0,11.0,2019.0,2.0,8.0,26.0,245.0,57.0,14.0,1.0,26.0,2.0,0.0,0.0,002600200S00,45.0,30.0,0.59,-122.0,38.0,59.03,0.0,3.0,1.56,3.0,0.0,0.0,0.0,0.0,4.0,6.0,E,3,5.0,0.0,2.0,1.0,99.0,1.0,0.0,29.0,0.0,0.0,0.0,0.0,2.0,1.0,02B,293_22189,0.0,2.0,0.0,0.0,0.0,0.0,0.0,0.0,3.0,0.0,0.0,0.0,0.0,0.0,0.0,0.0,0.0,0.0,3.0,3.0,2.0,0.0,1.0,2019-02-11
1858585,1,2113.0,3.0,12.0,2019.0,3.0,14.0,26.0,245.0,57.0,14.0,1.0,26.0,1.0,0.0,0.0,002600100S00,45.0,29.0,41.21,-122.0,29.0,47.96,0.0,0.0,9.27,1.0,0.0,0.0,0.0,0.0,0.0,6.0,E,3,5.0,1.0,1.0,1.0,1.0,1.0,0.0,29.0,0.0,0.0,0.0,0.0,2.0,1.0,02B,293_17374,0.0,2.0,0.0,0.0,0.0,0.0,0.0,0.0,4.0,0.0,0.0,0.0,0.0,0.0,0.0,0.0,0.0,0.0,4.0,4.0,3.0,0.0,1.0,2019-03-12
1858607,1,1774.0,2.0,28.0,2019.0,5.0,12.0,26.0,245.0,57.0,14.0,1.0,26.0,1.0,0.0,0.0,002600100S00,45.0,29.0,57.24,-122.0,38.0,39.19,0.0,4.0,1.83,2.0,0.0,0.0,0.0,0.0,4.0,3.0,B,6,5.0,1.0,1.0,1.0,99.0,1.0,0.0,2.0,0.0,0.0,0.0,0.0,2.0,1.0,02B,293_13690,0.0,2.0,0.0,0.0,0.0,0.0,0.0,0.0,2.0,0.0,0.0,0.0,0.0,0.0,0.0,0.0,0.0,0.0,2.0,2.0,1.0,0.0,1.0,2019-02-28
1858723,1,2783.0,4.0,2.0,2019.0,3.0,9.0,26.0,247.0,57.0,16.0,0.0,26.0,2.0,0.0,0.0,002600200S00,45.0,30.0,10.97,-122.0,40.0,35.99,0.0,9.0,0.09,1.0,0.0,0.0,0.0,0.0,0.0,2.0,H,6,5.0,2.0,1.0,1.0,4.0,1.0,0.0,2.0,0.0,0.0,0.0,0.0,2.0,1.0,02B,293_6878,0.0,2.0,0.0,0.0,0.0,0.0,0.0,0.0,2.0,0.0,0.0,0.0,0.0,0.0,0.0,0.0,0.0,0.0,2.0,2.0,2.0,0.0,0.0,2019-04-02
1858727,1,2207.0,1.0,16.0,2019.0,4.0,9.0,26.0,245.0,57.0,14.0,1.0,26.0,1.0,0.0,0.0,002600100S00,45.0,29.0,47.82,-122.0,32.0,50.42,0.0,3.0,6.74,3.0,0.0,0.0,0.0,1.0,2.0,4.0,A,6,5.0,1.0,1.0,1.0,99.0,1.0,0.0,2.0,0.0,0.0,0.0,0.0,2.0,1.0,02B,293_13269,0.0,2.0,0.0,0.0,0.0,0.0,0.0,0.0,4.0,0.0,0.0,0.0,0.0,0.0,0.0,0.0,0.0,0.0,4.0,4.0,2.0,0.0,2.0,2019-01-16
1858806,1,2786.0,4.0,2.0,2019.0,3.0,99.0,26.0,245.0,57.0,14.0,1.0,26.0,1.0,0.0,0.0,002600100S00,45.0,29.0,47.1,-122.0,33.0,41.96,0.0,7.0,6.03,1.0,0.0,0.0,0.0,0.0,0.0,5.0,E,3,5.0,1.0,1.0,1.0,99.0,1.0,5.0,27.0,0.0,0.0,0.0,0.0,2.0,1.0,02B,293_21203,0.0,2.0,0.0,0.0,0.0,0.0,0.0,0.0,4.0,0.0,0.0,0.0,0.0,0.0,0.0,0.0,0.0,0.0,4.0,4.0,3.0,0.0,1.0,2019-04-02
1858869,1,2273.0,3.0,18.0,2019.0,2.0,12.0,26.0,245.0,57.0,14.0,1.0,26.0,1.0,0.0,0.0,002600100S00,45.0,29.0,52.39,-122.0,38.0,18.97,0.0,4.0,2.12,3.0,0.0,0.0,0.0,0.0,4.0,6.0,C,5,5.0,1.0,1.0,1.0,99.0,1.0,0.0,6.0,0.0,0.0,0.0,0.0,2.0,1.0,02B,293_14612,0.0,2.0,0.0,0.0,0.0,0.0,0.0,0.0,3.0,0.0,0.0,0.0,0.0,0.0,0.0,0.0,0.0,0.0,3.0,3.0,2.0,0.0,1.0,2019-03-18
1858965,1,1861.0,3.0,26.0,2019.0,3.0,10.0,3.0,0.0,0.0,2.0,1.0,26.0,1.0,0.0,0.0,002600100S00,45.0,18.0,4.2,-121.0,44.0,21.54,0.0,0.0,54.32,3.0,1.0,0.0,0.0,0.0,3.0,1.0,8,9,5.0,0.0,4.0,1.0,0.0,1.0,5.0,10.0,0.0,0.0,0.0,0.0,5.0,1.0,02C,293_1273,0.0,1.0,0.0,0.0,0.0,0.0,0.0,0.0,1.0,0.0,0.0,0.0,0.0,0.0,0.0,0.0,0.0,0.0,1.0,1.0,1.0,0.0,0.0,2019-03-26
1859192,1,2359.0,3.0,19.0,2019.0,3.0,11.0,26.0,83.0,57.0,14.0,1.0,26.0,1.0,0.0,0.0,002600100S00,45.0,29.0,12.13,-122.0,23.0,58.69,0.0,5.0,14.75,1.0,0.0,0.0,0.0,0.0,0.0,6.0,E,3,5.0,1.0,1.0,1.0,1.0,1.0,5.0,29.0,0.0,0.0,0.0,0.0,4.0,1.0,02C,293_764,0.0,2.0,0.0,0.0,0.0,0.0,0.0,0.0,2.0,0.0,0.0,0.0,0.0,0.0,0.0,0.0,0.0,0.0,2.0,2.0,1.0,0.0,1.0,2019-03-19
1859233,1,2926.0,4.0,6.0,2019.0,7.0,15.0,26.0,245.0,57.0,14.0,1.0,26.0,1.0,0.0,0.0,002600100S00,45.0,29.0,50.79,-122.0,35.0,22.22,0.0,3.0,4.52,2.0,0.0,0.0,0.0,0.0,4.0,5.0,B,6,5.0,3.0,2.0,1.0,99.0,1.0,0.0,2.0,0.0,0.0,0.0,0.0,2.0,1.0,02B,293_21458,0.0,2.0,0.0,0.0,0.0,0.0,0.0,0.0,3.0,0.0,0.0,0.0,0.0,0.0,0.0,0.0,0.0,0.0,3.0,3.0,0.0,0.0,3.0,2019-04-06
1859239,1,2929.0,4.0,6.0,2019.0,7.0,10.0,26.0,245.0,57.0,14.0,1.0,26.0,1.0,0.0,0.0,002600100S00,45.0,29.0,52.99,-122.0,30.0,38.24,0.0,4.0,8.55,1.0,0.0,0.0,0.0,0.0,0.0,6.0,E,3,5.0,3.0,2.0,1.0,1.0,1.0,5.0,29.0,0.0,0.0,0.0,0.0,2.0,1.0,02B,293_18831,0.0,2.0,0.0,0.0,0.0,0.0,0.0,0.0,3.0,0.0,0.0,0.0,0.0,0.0,0.0,0.0,0.0,0.0,3.0,3.0,2.0,0.0,1.0,2019-04-06
1859379,1,1186.0,4.0,11.0,2019.0,5.0,13.0,3.0,185.0,68.0,14.0,1.0,26.0,1.0,1.0,0.0,002600100S00,45.0,23.0,46.73,-122.0,15.0,35.13,0.0,6.0,24.4,1.0,0.0,0.0,0.0,0.0,0.0,9.0,E,3,5.0,3.0,2.0,1.0,7.0,1.0,0.0,29.0,0.0,0.0,0.0,0.0,4.0,1.0,02C,293_6840,0.0,2.0,0.0,0.0,0.0,0.0,0.0,0.0,2.0,0.0,0.0,0.0,0.0,0.0,0.0,0.0,0.0,0.0,2.0,2.0,2.0,0.0,0.0,2019-04-11
1859422,1,2432.0,3.0,23.0,2019.0,7.0,18.0,26.0,245.0,57.0,14.0,1.0,26.0,1.0,0.0,0.0,002600100S00,45.0,29.0,52.28,-122.0,31.0,24.78,0.0,9.0,7.9,1.0,0.0,0.0,0.0,0.0,0.0,4.0,B,6,5.0,1.0,1.0,1.0,1.0,1.0,5.0,2.0,0.0,0.0,0.0,0.0,2.0,1.0,02B,293_14853,0.0,2.0,0.0,0.0,0.0,0.0,0.0,0.0,3.0,0.0,0.0,0.0,0.0,0.0,0.0,0.0,0.0,0.0,3.0,3.0,3.0,0.0,0.0,2019-03-23
1859523,1,2995.0,4.0,8.0,2019.0,2.0,19.0,26.0,245.0,57.0,14.0,1.0,26.0,1.0,0.0,0.0,002600100S00,45.0,29.0,50.73,-122.0,34.0,51.34,0.0,0.0,4.94,1.0,0.0,0.0,0.0,0.0,0.0,6.0,E,3,5.0,0.0,0.0,5.0,4.0,1.0,0.0,29.0,0.0,0.0,0.0,0.0,2.0,1.0,02B,293_19989,0.0,2.0,0.0,0.0,0.0,0.0,0.0,0.0,2.0,0.0,0.0,0.0,0.0,0.0,0.0,0.0,0.0,0.0,2.0,2.0,0.0,0.0,2.0,2019-04-08
1859565,1,3017.0,4.0,9.0,2019.0,3.0,17.0,26.0,247.0,57.0,16.0,0.0,26.0,2.0,0.0,0.0,002600200S00,45.0,30.0,10.97,-122.0,40.0,35.99,0.0,9.0,0.09,1.0,0.0,0.0,0.0,0.0,0.0,2.0,H,6,5.0,1.0,1.0,1.0,4.0,1.0,0.0,2.0,0.0,0.0,0.0,0.0,2.0,1.0,02B,293_6878,0.0,2.0,0.0,0.0,0.0,0.0,0.0,0.0,2.0,0.0,0.0,0.0,0.0,0.0,0.0,0.0,0.0,0.0,2.0,2.0,0.0,0.0,2.0,2019-04-09
1859613,1,2482.0,3.0,24.0,2019.0,1.0,12.0,26.0,245.0,57.0,14.0,1.0,26.0,1.0,0.0,0.0,002600100S00,45.0,29.0,50.67,-122.0,34.0,43.34,0.0,9.0,5.04,1.0,0.0,0.0,0.0,0.0,0.0,3.0,B,1,5.0,1.0,1.0,1.0,1.0,1.0,5.0,2.0,0.0,0.0,0.0,0.0,2.0,1.0,02B,293_21461,0.0,2.0,0.0,0.0,0.0,0.0,0.0,0.0,2.0,0.0,0.0,0.0,0.0,0.0,0.0,0.0,0.0,0.0,2.0,2.0,0.0,0.0,2.0,2019-03-24
1859616,1,2483.0,3.0,24.0,2019.0,1.0,13.0,26.0,245.0,57.0,14.0,1.0,26.0,1.0,0.0,0.0,002600100S00,45.0,29.0,42.89,-122.0,29.0,56.22,0.0,4.0,9.15,1.0,0.0,0.0,0.0,0.0,0.0,6.0,E,3,5.0,1.0,1.0,1.0,99.0,1.0,0.0,29.0,0.0,0.0,0.0,0.0,2.0,1.0,02B,293_18833,0.0,2.0,0.0,0.0,0.0,0.0,0.0,0.0,2.0,0.0,0.0,0.0,0.0,0.0,0.0,0.0,0.0,0.0,2.0,2.0,1.0,0.0,1.0,2019-03-24
1859785,1,2528.0,3.0,25.0,2019.0,2.0,21.0,26.0,245.0,57.0,14.0,1.0,26.0,1.0,0.0,0.0,002600100S00,45.0,29.0,49.09,-122.0,38.0,0.81,0.0,9.0,2.37,1.0,1.0,0.0,0.0,0.0,0.0,2.0,8,9,5.0,3.0,2.0,2.0,19.0,1.0,3.0,33.0,1.0,0.0,0.0,0.0,2.0,1.0,02B,293_15985,0.0,1.0,0.0,0.0,0.0,0.0,0.0,0.0,2.0,0.0,0.0,0.0,0.0,0.0,0.0,0.0,0.0,0.0,2.0,2.0,2.0,0.0,0.0,2019-03-25
1860007,1,3149.0,4.0,13.0,2019.0,7.0,19.0,26.0,245.0,57.0,14.0,1.0,26.0,1.0,0.0,0.0,002600100S00,45.0,29.0,50.67,-122.0,34.0,26.59,0.0,9.0,5.32,1.0,0.0,0.0,0.0,0.0,0.0,3.0,H,6,5.0,3.0,2.0,5.0,1.0,1.0,5.0,2.0,0.0,0.0,0.0,0.0,2.0,1.0,02B,293_10833,0.0,2.0,0.0,0.0,0.0,0.0,0.0,0.0,2.0,0.0,0.0,0.0,0.0,0.0,0.0,0.0,0.0,0.0,2.0,2.0,1.0,0.0,1.0,2019-04-13
1860036,1,3165.0,4.0,13.0,2019.0,7.0,12.0,26.0,83.0,57.0,14.0,1.0,26.0,1.0,0.0,0.0,002600100S00,45.0,28.0,36.69,-122.0,23.0,48.47,0.0,1.0,15.44,1.0,0.0,0.0,0.0,0.0,0.0,6.0,E,3,5.0,3.0,2.0,1.0,3.0,1.0,5.0,29.0,0.0,0.0,0.0,0.0,4.0,1.0,02C,293_763,0.0,2.0,0.0,0.0,0.0,0.0,0.0,0.0,4.0,0.0,0.0,0.0,0.0,0.0,0.0,0.0,0.0,0.0,4.0,4.0,3.0,0.0,1.0,2019-04-13
1860043,1,3169.0,4.0,14.0,2019.0,1.0,5.0,26.0,247.0,57.0,16.0,0.0,26.0,2.0,0.0,0.0,002600200S00,45.0,30.0,1.87,-122.0,40.0,27.59,0.0,8.0,0.3,8.0,1.0,0.0,0.0,0.0,1.0,6.0,8,9,5.0,1.0,1.0,2.0,15.0,1.0,3.0,33.0,1.0,0.0,1.0,0.0,2.0,1.0,02B,293_22183,0.0,1.0,0.0,0.0,0.0,0.0,0.0,0.0,1.0,0.0,0.0,0.0,0.0,0.0,0.0,0.0,0.0,0.0,1.0,1.0,1.0,0.0,0.0,2019-04-14
1860053,1,2589.0,3.0,27.0,2019.0,4.0,21.0,26.0,245.0,57.0,14.0,1.0,26.0,1.0,0.0,0.0,002600100S00,45.0,29.0,32.98,-122.0,29.0,8.02,0.0,8.0,9.83,3.0,0.0,1.0,0.0,0.0,3.0,4.0,E,3,5.0,3.0,2.0,2.0,99.0,1.0,0.0,29.0,0.0,0.0,0.0,0.0,2.0,1.0,02B,293_16249,0.0,2.0,0.0,0.0,0.0,0.0,0.0,0.0,2.0,0.0,0.0,0.0,0.0,0.0,0.0,0.0,0.0,0.0,2.0,2.0,1.0,0.0,1.0,2019-03-27
1860257,1,2663.0,3.0,29.0,2019.0,6.0,17.0,26.0,245.0,57.0,14.0,1.0,26.0,1.0,0.0,0.0,002600100S00,45.0,29.0,41.21,-122.0,29.0,47.96,0.0,5.0,9.27,1.0,0.0,0.0,0.0,0.0,0.0,6.0,E,3,5.0,1.0,1.0,1.0,1.0,1.0,3.0,7.0,0.0,0.0,0.0,0.0,2.0,1.0,02B,293_17374,0.0,2.0,0.0,0.0,0.0,0.0,0.0,0.0,2.0,0.0,0.0,0.0,0.0,0.0,0.0,0.0,0.0,0.0,2.0,2.0,1.0,0.0,1.0,2019-03-29
1860289,1,3304.0,4.0,18.0,2019.0,5.0,21.0,26.0,245.0,57.0,14.0,1.0,26.0,2.0,0.0,0.0,002600200S00,45.0,29.0,58.54,-122.0,38.0,44.36,0.0,7.0,1.76,1.0,0.0,0.0,0.0,0.0,0.0,6.0,C,5,5.0,1.0,1.0,2.0,4.0,1.0,3.0,13.0,0.0,0.0,0.0,0.0,2.0,1.0,02B,293_22189,0.0,2.0,0.0,0.0,0.0,0.0,0.0,0.0,4.0,0.0,0.0,0.0,0.0,0.0,0.0,0.0,0.0,0.0,4.0,4.0,3.0,0.0,1.0,2019-04-18
1860371,1,3344.0,4.0,19.0,2019.0,6.0,20.0,26.0,245.0,57.0,14.0,1.0,26.0,1.0,0.0,0.0,002600100S00,45.0,29.0,50.85,-122.0,35.0,49.55,0.0,7.0,4.15,3.0,1.0,0.0,0.0,0.0,4.0,8.0,8,9,5.0,3.0,2.0,2.0,99.0,1.0,3.0,33.0,1.0,0.0,0.0,0.0,2.0,1.0,02B,293_15988,0.0,1.0,0.0,0.0,0.0,0.0,0.0,0.0,1.0,0.0,0.0,0.0,0.0,0.0,0.0,0.0,0.0,0.0,1.0,1.0,0.0,0.0,1.0,2019-04-19
1860417,1,3385.0,4.0,20.0,2019.0,7.0,15.0,26.0,245.0,57.0,14.0,1.0,26.0,1.0,0.0,0.0,002600100S00,45.0,29.0,50.88,-122.0,35.0,57.8,0.0,5.0,4.04,1.0,0.0,0.0,0.0,0.0,0.0,6.0,F,6,5.0,1.0,1.0,1.0,4.0,1.0,5.0,6.0,0.0,0.0,0.0,0.0,2.0,1.0,02B,293_3100,0.0,2.0,0.0,0.0,0.0,0.0,0.0,0.0,4.0,0.0,0.0,0.0,0.0,0.0,0.0,0.0,0.0,0.0,4.0,4.0,4.0,0.0,0.0,2019-04-20
1860427,1,3396.0,4.0,13.0,2019.0,7.0,21.0,26.0,245.0,57.0,14.0,1.0,26.0,1.0,0.0,0.0,002600100S00,45.0,29.0,52.99,-122.0,30.0,38.24,0.0,8.0,8.55,1.0,0.0,0.0,0.0,0.0,0.0,6.0,E,3,5.0,3.0,2.0,2.0,1.0,1.0,3.0,29.0,0.0,0.0,0.0,0.0,2.0,1.0,02B,293_18831,0.0,2.0,0.0,0.0,0.0,0.0,0.0,0.0,4.0,0.0,0.0,0.0,0.0,0.0,0.0,0.0,0.0,0.0,4.0,4.0,3.0,0.0,1.0,2019-04-13
1860453,1,3423.0,4.0,22.0,2019.0,2.0,12.0,26.0,245.0,57.0,14.0,1.0,26.0,1.0,0.0,0.0,002600100S00,45.0,29.0,54.55,-122.0,38.0,29.93,0.0,4.0,1.97,1.0,0.0,0.0,0.0,0.0,0.0,6.0,E,3,5.0,1.0,1.0,1.0,19.0,1.0,5.0,29.0,0.0,0.0,0.0,0.0,2.0,1.0,02B,293_15983,0.0,2.0,0.0,0.0,0.0,0.0,0.0,0.0,2.0,0.0,0.0,0.0,0.0,0.0,0.0,0.0,0.0,0.0,2.0,2.0,2.0,0.0,0.0,2019-04-22
1860771,1,1465.0,5.0,6.0,2019.0,2.0,15.0,3.0,185.0,68.0,14.0,1.0,26.0,1.0,1.0,0.0,002600100S00,45.0,23.0,46.98,-122.0,15.0,33.63,0.0,3.0,24.42,2.0,0.0,0.0,0.0,0.0,2.0,4.0,B,6,5.0,1.0,1.0,1.0,0.0,1.0,0.0,2.0,0.0,0.0,0.0,0.0,4.0,1.0,02C,293_6840,0.0,2.0,0.0,0.0,0.0,0.0,0.0,0.0,2.0,0.0,0.0,0.0,0.0,0.0,0.0,0.0,0.0,0.0,2.0,2.0,1.0,0.0,1.0,2019-05-06